customer_id,response,conversion_probability,recommendation
0,0,0.024408348,LOW PRIORITY
1,1,0.7388916,HIGH PRIORITY
9,0,0.34409347,MEDIUM PRIORITY
13,0,0.010224479,LOW PRIORITY
17,0,0.0054713837,LOW PRIORITY
20,0,0.00057541596,LOW PRIORITY
22,0,0.04092932,LOW PRIORITY
24,0,0.0031399198,LOW PRIORITY
25,0,0.08612455,LOW PRIORITY
35,1,0.057104107,LOW PRIORITY
48,0,0.002312272,LOW PRIORITY
49,0,0.0023770933,LOW PRIORITY
55,0,0.041271817,LOW PRIORITY
67,0,0.38214198,MEDIUM PRIORITY
73,0,0.0004510227,LOW PRIORITY
75,0,0.015969992,LOW PRIORITY
78,0,0.009090448,LOW PRIORITY
87,0,0.17783302,LOW PRIORITY
89,0,0.00647764,LOW PRIORITY
92,0,0.13728845,LOW PRIORITY
113,0,0.003767588,LOW PRIORITY
115,0,0.08836224,LOW PRIORITY
123,0,0.012899036,LOW PRIORITY
125,0,0.09573106,LOW PRIORITY
143,0,0.032157045,LOW PRIORITY
146,0,0.1240806,LOW PRIORITY
153,0,0.017068341,LOW PRIORITY
158,1,0.9311076,HIGH PRIORITY
164,0,0.24613658,LOW PRIORITY
175,0,0.11978307,LOW PRIORITY
176,0,0.00047155068,LOW PRIORITY
178,0,0.01270882,LOW PRIORITY
182,0,0.030230422,LOW PRIORITY
193,0,0.0010701424,LOW PRIORITY
194,0,0.0014229178,LOW PRIORITY
195,1,0.91062456,HIGH PRIORITY
199,0,0.70414007,HIGH PRIORITY
202,0,0.054968644,LOW PRIORITY
203,0,0.8716712,HIGH PRIORITY
213,0,0.0020529393,LOW PRIORITY
217,0,0.32546824,MEDIUM PRIORITY
221,0,0.0063941865,LOW PRIORITY
231,0,0.00043288374,LOW PRIORITY
232,0,0.02860757,LOW PRIORITY
234,1,0.9325779,HIGH PRIORITY
236,0,0.0547615,LOW PRIORITY
238,0,0.013635353,LOW PRIORITY
241,0,0.17588776,LOW PRIORITY
246,0,0.0010499036,LOW PRIORITY
247,1,0.951325,HIGH PRIORITY
252,0,0.2360776,LOW PRIORITY
254,0,0.14123097,LOW PRIORITY
255,0,0.020077553,LOW PRIORITY
257,0,0.023974959,LOW PRIORITY
263,1,0.6999544,HIGH PRIORITY
269,0,0.24840279,LOW PRIORITY
271,0,0.23061508,LOW PRIORITY
273,0,0.2822472,LOW PRIORITY
274,0,0.0029865466,LOW PRIORITY
286,0,0.03513409,LOW PRIORITY
291,0,0.26383865,LOW PRIORITY
295,0,0.008089876,LOW PRIORITY
304,0,0.064691156,LOW PRIORITY
309,0,0.71440285,HIGH PRIORITY
310,0,0.0016138157,LOW PRIORITY
313,0,0.042265836,LOW PRIORITY
322,0,0.0016865225,LOW PRIORITY
326,0,0.03520341,LOW PRIORITY
332,0,0.068321355,LOW PRIORITY
339,1,0.6581391,HIGH PRIORITY
340,1,0.73200285,HIGH PRIORITY
347,0,0.22329333,LOW PRIORITY
359,0,0.03621488,LOW PRIORITY
361,0,0.001365593,LOW PRIORITY
367,0,0.03113517,LOW PRIORITY
368,0,0.030145766,LOW PRIORITY
375,0,0.057890087,LOW PRIORITY
378,0,0.06511888,LOW PRIORITY
380,1,0.5433801,MEDIUM PRIORITY
387,0,0.17418292,LOW PRIORITY
405,0,0.16146258,LOW PRIORITY
425,0,0.0090304,LOW PRIORITY
433,0,0.11560291,LOW PRIORITY
437,0,0.07206856,LOW PRIORITY
448,0,0.057486136,LOW PRIORITY
450,0,0.0013700358,LOW PRIORITY
451,0,0.00027614343,LOW PRIORITY
453,0,0.037421618,LOW PRIORITY
454,0,0.017058553,LOW PRIORITY
455,0,0.017050207,LOW PRIORITY
456,0,0.0019404673,LOW PRIORITY
460,0,0.08696649,LOW PRIORITY
466,0,0.10170128,LOW PRIORITY
477,1,0.85716003,HIGH PRIORITY
486,0,0.0056512738,LOW PRIORITY
492,0,0.86078084,HIGH PRIORITY
498,0,0.073306456,LOW PRIORITY
500,1,0.9828084,HIGH PRIORITY
503,0,0.026200535,LOW PRIORITY
520,0,0.0148160355,LOW PRIORITY
521,0,0.041511837,LOW PRIORITY
523,0,0.007946394,LOW PRIORITY
524,0,0.09935047,LOW PRIORITY
528,0,0.020435711,LOW PRIORITY
531,1,0.89576066,HIGH PRIORITY
535,0,0.02478635,LOW PRIORITY
538,0,0.00036659007,LOW PRIORITY
544,0,0.013077934,LOW PRIORITY
550,0,0.0041722134,LOW PRIORITY
564,1,0.44377312,MEDIUM PRIORITY
569,1,0.9857873,HIGH PRIORITY
574,0,0.0007289133,LOW PRIORITY
577,0,0.1104376,LOW PRIORITY
590,1,0.91407293,HIGH PRIORITY
591,0,0.029799957,LOW PRIORITY
606,0,0.00043953487,LOW PRIORITY
607,0,0.15511774,LOW PRIORITY
610,0,0.5293011,MEDIUM PRIORITY
615,0,0.041026324,LOW PRIORITY
618,0,0.09591985,LOW PRIORITY
624,1,0.9352596,HIGH PRIORITY
626,0,0.0056368415,LOW PRIORITY
635,0,0.03614305,LOW PRIORITY
640,0,0.0062572826,LOW PRIORITY
641,0,0.005129121,LOW PRIORITY
642,0,0.21499614,LOW PRIORITY
663,0,0.010658187,LOW PRIORITY
675,0,0.07823804,LOW PRIORITY
679,0,0.032186933,LOW PRIORITY
692,0,0.0030949751,LOW PRIORITY
697,0,0.18455507,LOW PRIORITY
701,0,0.01234054,LOW PRIORITY
702,0,0.005577439,LOW PRIORITY
709,0,0.042764448,LOW PRIORITY
713,0,0.0012191922,LOW PRIORITY
716,0,0.0021340663,LOW PRIORITY
736,0,0.019196143,LOW PRIORITY
737,0,0.8318756,HIGH PRIORITY
738,0,0.07396217,LOW PRIORITY
749,1,0.026503993,LOW PRIORITY
760,0,0.101066805,LOW PRIORITY
762,0,0.0013327453,LOW PRIORITY
771,0,0.00046521376,LOW PRIORITY
773,0,0.04675249,LOW PRIORITY
793,0,0.25485185,LOW PRIORITY
796,0,0.07999375,LOW PRIORITY
798,0,0.0036809982,LOW PRIORITY
800,0,0.0009288799,LOW PRIORITY
803,0,0.00045453315,LOW PRIORITY
807,0,0.08674806,LOW PRIORITY
810,0,0.0010350449,LOW PRIORITY
819,0,0.012423698,LOW PRIORITY
821,0,0.9303515,HIGH PRIORITY
830,1,0.9647431,HIGH PRIORITY
832,0,0.004677969,LOW PRIORITY
833,0,0.0076434175,LOW PRIORITY
837,0,0.48176345,MEDIUM PRIORITY
839,0,0.0025908758,LOW PRIORITY
843,0,0.0021112594,LOW PRIORITY
849,0,0.007829131,LOW PRIORITY
850,0,0.02207922,LOW PRIORITY
851,0,0.019817857,LOW PRIORITY
868,0,0.0018997497,LOW PRIORITY
873,1,0.13864063,LOW PRIORITY
879,0,0.013013905,LOW PRIORITY
880,0,0.09935047,LOW PRIORITY
891,0,0.0011735708,LOW PRIORITY
895,0,0.14927655,LOW PRIORITY
898,0,0.04053894,LOW PRIORITY
902,0,0.0008932435,LOW PRIORITY
905,0,0.07338631,LOW PRIORITY
907,0,0.0072562895,LOW PRIORITY
916,0,0.0058154613,LOW PRIORITY
922,0,0.020043783,LOW PRIORITY
933,0,0.11215459,LOW PRIORITY
938,0,0.13185787,LOW PRIORITY
940,0,0.009737989,LOW PRIORITY
942,1,0.1490932,LOW PRIORITY
944,0,0.026505223,LOW PRIORITY
945,0,0.04393372,LOW PRIORITY
946,0,0.019561093,LOW PRIORITY
948,0,0.04207507,LOW PRIORITY
954,0,0.0014117762,LOW PRIORITY
955,1,0.4619994,MEDIUM PRIORITY
961,0,0.0023183862,LOW PRIORITY
965,0,0.14829215,LOW PRIORITY
966,0,0.0106082475,LOW PRIORITY
967,1,0.76692015,HIGH PRIORITY
968,0,0.056506112,LOW PRIORITY
975,0,0.24379966,LOW PRIORITY
977,0,0.36265275,MEDIUM PRIORITY
979,0,0.1356201,LOW PRIORITY
983,0,0.0036800297,LOW PRIORITY
988,0,0.003156748,LOW PRIORITY
999,1,0.2635334,LOW PRIORITY
1000,0,0.013102982,LOW PRIORITY
1008,0,0.35981417,MEDIUM PRIORITY
1010,0,0.00089501246,LOW PRIORITY
1012,0,0.10868866,LOW PRIORITY
1016,0,0.038767412,LOW PRIORITY
1020,0,0.011632726,LOW PRIORITY
1029,0,0.008464583,LOW PRIORITY
1030,0,0.003217876,LOW PRIORITY
1031,0,0.07728681,LOW PRIORITY
1041,1,0.86078084,HIGH PRIORITY
1044,0,0.030843562,LOW PRIORITY
1045,0,0.11583894,LOW PRIORITY
1048,1,0.67599136,HIGH PRIORITY
1050,0,0.000927514,LOW PRIORITY
1052,0,0.018190267,LOW PRIORITY
1055,0,0.003623059,LOW PRIORITY
1064,0,0.1681225,LOW PRIORITY
1065,0,0.05989916,LOW PRIORITY
1071,0,0.086999424,LOW PRIORITY
1072,0,0.018555406,LOW PRIORITY
1077,0,0.10052239,LOW PRIORITY
1079,0,0.19440033,LOW PRIORITY
1081,0,0.13549295,LOW PRIORITY
1087,1,0.7598831,HIGH PRIORITY
1092,0,0.13360737,LOW PRIORITY
1100,0,0.0046653175,LOW PRIORITY
1103,1,0.6987935,HIGH PRIORITY
1109,0,0.040125635,LOW PRIORITY
1118,0,0.14631459,LOW PRIORITY
1127,0,0.06500982,LOW PRIORITY
1131,0,0.0056554447,LOW PRIORITY
1135,0,0.0031399198,LOW PRIORITY
1137,0,0.04936475,LOW PRIORITY
1139,1,0.86817974,HIGH PRIORITY
1142,0,0.0013228026,LOW PRIORITY
1143,0,0.06564533,LOW PRIORITY
1146,1,0.73516786,HIGH PRIORITY
1150,0,0.19488227,LOW PRIORITY
1158,0,0.0131138945,LOW PRIORITY
1160,0,0.018087458,LOW PRIORITY
1162,1,0.8850619,HIGH PRIORITY
1165,0,0.19409905,LOW PRIORITY
1168,0,0.08464017,LOW PRIORITY
1170,0,0.10370762,LOW PRIORITY
1172,1,0.9917887,HIGH PRIORITY
1173,1,0.71241564,HIGH PRIORITY
1175,1,0.4126602,MEDIUM PRIORITY
1176,0,0.012607177,LOW PRIORITY
1177,0,0.08682898,LOW PRIORITY
1183,0,0.03484239,LOW PRIORITY
1184,0,0.031600703,LOW PRIORITY
1204,0,0.21374442,LOW PRIORITY
1212,0,0.3279153,MEDIUM PRIORITY
1215,0,0.044273555,LOW PRIORITY
1225,0,0.0769399,LOW PRIORITY
1232,0,0.024430254,LOW PRIORITY
1241,1,0.94714653,HIGH PRIORITY
1245,0,0.25843105,LOW PRIORITY
1250,0,0.0035036434,LOW PRIORITY
1272,0,0.3495977,MEDIUM PRIORITY
1277,0,0.030592902,LOW PRIORITY
1291,0,0.09594185,LOW PRIORITY
1295,0,0.0011452242,LOW PRIORITY
1307,0,0.061177585,LOW PRIORITY
1321,0,0.03439211,LOW PRIORITY
1324,0,0.00082525745,LOW PRIORITY
1328,0,0.0004780117,LOW PRIORITY
1331,0,0.30207038,MEDIUM PRIORITY
1340,0,0.33639172,MEDIUM PRIORITY
1343,0,0.26853904,LOW PRIORITY
1349,0,0.02458206,LOW PRIORITY
1351,0,0.25643614,LOW PRIORITY
1357,0,0.0030977775,LOW PRIORITY
1361,1,0.8673391,HIGH PRIORITY
1362,0,0.02132317,LOW PRIORITY
1371,0,0.008430637,LOW PRIORITY
1377,0,0.039594565,LOW PRIORITY
1378,0,0.01616093,LOW PRIORITY
1379,0,0.018467091,LOW PRIORITY
1381,1,0.7644728,HIGH PRIORITY
1384,0,0.23808514,LOW PRIORITY
1386,0,0.021072524,LOW PRIORITY
1388,0,0.1356201,LOW PRIORITY
1399,0,0.21510945,LOW PRIORITY
1402,0,0.20262228,LOW PRIORITY
1403,0,0.053325765,LOW PRIORITY
1404,0,0.019947112,LOW PRIORITY
1406,0,0.16389939,LOW PRIORITY
1407,0,0.13397048,LOW PRIORITY
1409,0,0.04884494,LOW PRIORITY
1411,0,0.09807112,LOW PRIORITY
1419,0,0.12831677,LOW PRIORITY
1440,0,0.0723768,LOW PRIORITY
1446,0,0.24301448,LOW PRIORITY
1448,0,0.0031000345,LOW PRIORITY
1453,0,0.28885674,LOW PRIORITY
1456,0,0.03256914,LOW PRIORITY
1458,0,0.01767469,LOW PRIORITY
1459,0,0.08257112,LOW PRIORITY
1461,0,0.005856087,LOW PRIORITY
1463,0,0.010296301,LOW PRIORITY
1473,0,0.17646214,LOW PRIORITY
1490,0,0.049080312,LOW PRIORITY
1491,0,0.0067580617,LOW PRIORITY
1497,0,0.080004156,LOW PRIORITY
1501,0,0.061342016,LOW PRIORITY
1502,0,0.019196143,LOW PRIORITY
1503,0,0.0040132464,LOW PRIORITY
1506,1,0.6263562,HIGH PRIORITY
1509,1,0.967551,HIGH PRIORITY
1513,0,0.015456143,LOW PRIORITY
1515,0,0.036350884,LOW PRIORITY
1517,0,0.0019360523,LOW PRIORITY
1518,0,0.051439006,LOW PRIORITY
1519,1,0.37755284,MEDIUM PRIORITY
1523,0,0.002654983,LOW PRIORITY
1524,1,0.93048406,HIGH PRIORITY
1542,0,0.11784484,LOW PRIORITY
1544,0,0.7817828,HIGH PRIORITY
1545,0,0.0018037786,LOW PRIORITY
1553,0,0.17549835,LOW PRIORITY
1570,0,0.05328699,LOW PRIORITY
1577,1,0.68456227,HIGH PRIORITY
1581,1,0.4251989,MEDIUM PRIORITY
1584,0,0.004202779,LOW PRIORITY
1592,0,0.15568806,LOW PRIORITY
1600,0,0.021142066,LOW PRIORITY
1604,0,0.0023765168,LOW PRIORITY
1606,0,0.0153907705,LOW PRIORITY
1612,0,0.0037020328,LOW PRIORITY
1618,1,0.75095344,HIGH PRIORITY
1619,1,0.6994504,HIGH PRIORITY
1626,1,0.47278175,MEDIUM PRIORITY
1627,0,0.1864723,LOW PRIORITY
1628,0,0.014473881,LOW PRIORITY
1630,0,0.0039488096,LOW PRIORITY
1631,1,0.86164635,HIGH PRIORITY
1640,0,0.0025012898,LOW PRIORITY
1646,0,0.0026176076,LOW PRIORITY
1650,0,0.05520425,LOW PRIORITY
1655,0,0.003898815,LOW PRIORITY
1663,0,0.005394314,LOW PRIORITY
1665,1,0.87604105,HIGH PRIORITY
1672,0,0.0009997208,LOW PRIORITY
1676,0,0.005212616,LOW PRIORITY
1685,0,0.24417731,LOW PRIORITY
1710,0,0.25007597,LOW PRIORITY
1715,0,0.04017809,LOW PRIORITY
1717,0,0.0048321863,LOW PRIORITY
1726,1,0.8668071,HIGH PRIORITY
1729,0,0.087612905,LOW PRIORITY
1734,0,0.09563988,LOW PRIORITY
1740,0,0.103833966,LOW PRIORITY
1743,0,0.00703679,LOW PRIORITY
1744,0,0.02583705,LOW PRIORITY
1745,1,0.49404153,MEDIUM PRIORITY
1755,0,0.000100624246,LOW PRIORITY
1763,1,0.9852728,HIGH PRIORITY
1764,0,0.007508133,LOW PRIORITY
1772,1,0.9717352,HIGH PRIORITY
1773,0,0.09238882,LOW PRIORITY
1777,0,0.16207124,LOW PRIORITY
1802,0,0.012010303,LOW PRIORITY
1818,0,0.041075908,LOW PRIORITY
1826,1,0.93652856,HIGH PRIORITY
1829,1,0.8574477,HIGH PRIORITY
1833,0,0.003824834,LOW PRIORITY
1834,0,0.008213666,LOW PRIORITY
1839,0,0.122220255,LOW PRIORITY
1857,1,0.40562963,MEDIUM PRIORITY
1859,1,0.85642576,HIGH PRIORITY
1867,1,0.97217137,HIGH PRIORITY
1876,0,0.02658558,LOW PRIORITY
1878,0,0.00086581137,LOW PRIORITY
1880,0,0.02732796,LOW PRIORITY
1890,0,0.002897814,LOW PRIORITY
1891,1,0.93455255,HIGH PRIORITY
1907,1,0.7611494,HIGH PRIORITY
1911,0,0.1160257,LOW PRIORITY
1915,0,0.13320489,LOW PRIORITY
1916,0,0.010942156,LOW PRIORITY
1920,0,0.012974496,LOW PRIORITY
1921,0,0.0007441321,LOW PRIORITY
1927,0,0.0007414218,LOW PRIORITY
1928,0,0.2553754,LOW PRIORITY
1940,0,0.016729025,LOW PRIORITY
1945,0,0.38487995,MEDIUM PRIORITY
1951,0,0.004932103,LOW PRIORITY
1958,0,0.0038491953,LOW PRIORITY
1964,0,0.13520175,LOW PRIORITY
1966,0,0.00911691,LOW PRIORITY
1968,0,0.006508006,LOW PRIORITY
1970,0,0.4009428,MEDIUM PRIORITY
1987,0,0.01558522,LOW PRIORITY
1990,0,0.47931692,MEDIUM PRIORITY
1991,0,0.020702297,LOW PRIORITY
1992,1,0.6572749,HIGH PRIORITY
1993,0,0.06535095,LOW PRIORITY
1994,0,0.04242521,LOW PRIORITY
1998,0,0.0035036434,LOW PRIORITY
2002,0,0.15618347,LOW PRIORITY
2004,0,0.0044665225,LOW PRIORITY
2005,0,0.0009547426,LOW PRIORITY
2008,0,0.0018466559,LOW PRIORITY
2021,0,0.0051136175,LOW PRIORITY
2036,0,0.01601306,LOW PRIORITY
2055,0,0.47278175,MEDIUM PRIORITY
2061,0,0.03819442,LOW PRIORITY
2066,0,0.11557967,LOW PRIORITY
2072,1,0.66207725,HIGH PRIORITY
2075,0,0.0064111073,LOW PRIORITY
2079,0,0.46725237,MEDIUM PRIORITY
2088,0,0.101059124,LOW PRIORITY
2098,0,0.037964523,LOW PRIORITY
2106,0,0.0019964012,LOW PRIORITY
2109,1,0.8646321,HIGH PRIORITY
2114,1,0.9915296,HIGH PRIORITY
2115,0,0.0032702147,LOW PRIORITY
2118,0,0.0012807845,LOW PRIORITY
2125,0,0.015833974,LOW PRIORITY
2130,1,0.026823245,LOW PRIORITY
2131,0,0.47739917,MEDIUM PRIORITY
2134,0,0.040262617,LOW PRIORITY
2139,0,0.04424959,LOW PRIORITY
2147,0,0.05209393,LOW PRIORITY
2150,0,0.08179323,LOW PRIORITY
2154,0,0.057917997,LOW PRIORITY
2156,0,0.011568188,LOW PRIORITY
2157,0,0.07270076,LOW PRIORITY
2162,0,0.008734577,LOW PRIORITY
2166,0,0.00039957234,LOW PRIORITY
2173,0,0.0065097567,LOW PRIORITY
2174,0,0.011337514,LOW PRIORITY
2176,1,0.9794763,HIGH PRIORITY
2181,0,0.055419948,LOW PRIORITY
2186,1,0.92992127,HIGH PRIORITY
2202,0,0.0034599723,LOW PRIORITY
2217,0,0.0021360363,LOW PRIORITY
2223,0,0.15043631,LOW PRIORITY
2225,1,0.90644616,HIGH PRIORITY
2227,0,0.019561093,LOW PRIORITY
2230,0,0.00085240626,LOW PRIORITY
2245,0,0.040108476,LOW PRIORITY
2246,0,0.00057541596,LOW PRIORITY
2253,0,0.02658558,LOW PRIORITY
2254,0,0.028645013,LOW PRIORITY
2256,0,0.013191669,LOW PRIORITY
2258,0,0.004969929,LOW PRIORITY
2261,0,0.04853918,LOW PRIORITY
2262,0,0.0073826737,LOW PRIORITY
2276,0,0.005383623,LOW PRIORITY
2278,0,0.01411413,LOW PRIORITY
2281,0,0.23876022,LOW PRIORITY
2285,0,0.33750737,MEDIUM PRIORITY
2286,0,0.020393215,LOW PRIORITY
2292,0,0.0007468936,LOW PRIORITY
2295,0,0.0025762157,LOW PRIORITY
2296,0,0.80709136,HIGH PRIORITY
2304,0,0.0040154564,LOW PRIORITY
2308,0,0.11876864,LOW PRIORITY
2315,0,0.0031230028,LOW PRIORITY
2320,0,0.001661973,LOW PRIORITY
2324,0,0.05442135,LOW PRIORITY
2326,0,0.02658558,LOW PRIORITY
2337,0,0.0029350691,LOW PRIORITY
2345,0,0.024430254,LOW PRIORITY
2350,0,0.009344703,LOW PRIORITY
2371,0,0.13031158,LOW PRIORITY
2375,0,0.004316952,LOW PRIORITY
2379,1,0.9398823,HIGH PRIORITY
2387,1,0.8292776,HIGH PRIORITY
2392,0,0.012974496,LOW PRIORITY
2404,0,0.34503543,MEDIUM PRIORITY
2406,0,0.0028469274,LOW PRIORITY
2407,1,0.96790564,HIGH PRIORITY
2408,0,0.13182254,LOW PRIORITY
2410,0,0.094124,LOW PRIORITY
2415,0,0.0022019134,LOW PRIORITY
2416,0,0.010521186,LOW PRIORITY
2426,1,0.7062391,HIGH PRIORITY
2428,0,0.1534285,LOW PRIORITY
2429,0,0.07227564,LOW PRIORITY
2431,0,0.028757785,LOW PRIORITY
2437,0,0.073311806,LOW PRIORITY
2445,0,0.011011426,LOW PRIORITY
2447,0,0.078599826,LOW PRIORITY
2452,1,0.9142515,HIGH PRIORITY
2453,0,0.023662599,LOW PRIORITY
2456,0,0.009836022,LOW PRIORITY
2457,0,0.12241055,LOW PRIORITY
2461,0,0.0031541171,LOW PRIORITY
2471,0,0.0017234562,LOW PRIORITY
2478,0,0.0021059818,LOW PRIORITY
2488,0,0.0055209803,LOW PRIORITY
2493,0,0.009740615,LOW PRIORITY
2495,0,0.008425254,LOW PRIORITY
2499,0,0.022368502,LOW PRIORITY
2516,0,0.0013011093,LOW PRIORITY
2518,0,0.02290441,LOW PRIORITY
2521,1,0.9587431,HIGH PRIORITY
2525,1,0.6367646,HIGH PRIORITY
2532,0,0.047459822,LOW PRIORITY
2534,0,0.06513611,LOW PRIORITY
2535,1,0.97092134,HIGH PRIORITY
2541,0,0.50999343,MEDIUM PRIORITY
2544,0,0.006134405,LOW PRIORITY
2546,0,0.040456347,LOW PRIORITY
2549,0,0.003259503,LOW PRIORITY
2552,1,0.8595024,HIGH PRIORITY
2557,0,0.09641403,LOW PRIORITY
2561,0,0.25843105,LOW PRIORITY
2563,0,0.0007848073,LOW PRIORITY
2564,0,0.0024663636,LOW PRIORITY
2565,0,0.29000977,LOW PRIORITY
2569,0,0.03870707,LOW PRIORITY
2570,1,0.6019119,HIGH PRIORITY
2574,1,0.96202534,HIGH PRIORITY
2579,0,0.0011654528,LOW PRIORITY
2587,0,0.0035863328,LOW PRIORITY
2589,0,0.0074727507,LOW PRIORITY
2591,0,0.0024303545,LOW PRIORITY
2607,0,0.030407479,LOW PRIORITY
2611,0,0.091326535,LOW PRIORITY
2612,0,0.090591684,LOW PRIORITY
2613,0,0.0033700797,LOW PRIORITY
2620,1,0.13416354,LOW PRIORITY
2625,0,0.008235443,LOW PRIORITY
2631,0,0.020668954,LOW PRIORITY
2632,1,0.68762034,HIGH PRIORITY
2634,1,0.8278524,HIGH PRIORITY
2639,0,0.017124472,LOW PRIORITY
2656,0,0.02054971,LOW PRIORITY
2661,0,0.0012857592,LOW PRIORITY
2666,0,0.028953804,LOW PRIORITY
2669,0,0.015643524,LOW PRIORITY
2674,1,0.66655934,HIGH PRIORITY
2677,0,0.10767716,LOW PRIORITY
2678,0,0.010006431,LOW PRIORITY
2681,0,0.062243275,LOW PRIORITY
2683,0,0.04577978,LOW PRIORITY
2686,0,0.0033906933,LOW PRIORITY
2694,0,0.001439995,LOW PRIORITY
2698,0,0.006085786,LOW PRIORITY
2711,0,0.14411144,LOW PRIORITY
2712,0,0.0007698529,LOW PRIORITY
2715,1,0.9438375,HIGH PRIORITY
2724,0,0.0075500165,LOW PRIORITY
2727,0,0.012542629,LOW PRIORITY
2730,0,0.16784522,LOW PRIORITY
2736,0,0.003554633,LOW PRIORITY
2740,0,0.0050329654,LOW PRIORITY
2747,0,0.02813969,LOW PRIORITY
2781,1,0.770138,HIGH PRIORITY
2782,0,0.037739072,LOW PRIORITY
2793,0,0.086999424,LOW PRIORITY
2795,0,0.024701813,LOW PRIORITY
2797,0,0.0036517407,LOW PRIORITY
2798,1,0.9893672,HIGH PRIORITY
2802,0,0.0023637468,LOW PRIORITY
2804,1,0.34409347,MEDIUM PRIORITY
2807,0,0.018190267,LOW PRIORITY
2811,0,0.039921418,LOW PRIORITY
2814,0,0.14411144,LOW PRIORITY
2815,0,0.0056843706,LOW PRIORITY
2826,0,0.008803533,LOW PRIORITY
2829,0,0.054909915,LOW PRIORITY
2831,0,0.00081423594,LOW PRIORITY
2836,0,0.0061349603,LOW PRIORITY
2849,0,0.03256914,LOW PRIORITY
2853,0,0.0014865318,LOW PRIORITY
2861,0,0.004710614,LOW PRIORITY
2863,0,0.067226194,LOW PRIORITY
2868,1,0.11771453,LOW PRIORITY
2870,0,0.09855043,LOW PRIORITY
2874,0,0.014437136,LOW PRIORITY
2875,0,0.0005341399,LOW PRIORITY
2877,0,0.618194,HIGH PRIORITY
2878,0,0.00093931716,LOW PRIORITY
2882,0,0.022583487,LOW PRIORITY
2886,0,0.45045653,MEDIUM PRIORITY
2891,0,0.0047941953,LOW PRIORITY
2894,1,0.9473311,HIGH PRIORITY
2895,0,0.002671443,LOW PRIORITY
2902,0,0.018269606,LOW PRIORITY
2909,0,0.026027557,LOW PRIORITY
2918,0,0.026057068,LOW PRIORITY
2920,0,0.038307566,LOW PRIORITY
2926,0,0.12559325,LOW PRIORITY
2928,0,0.038307566,LOW PRIORITY
2929,0,0.22818507,LOW PRIORITY
2930,0,0.42792985,MEDIUM PRIORITY
2931,0,0.13815098,LOW PRIORITY
2936,0,0.0037427368,LOW PRIORITY
2937,0,0.048540525,LOW PRIORITY
2939,0,0.016329885,LOW PRIORITY
2942,0,0.2964139,LOW PRIORITY
2945,0,0.020139307,LOW PRIORITY
2948,0,0.0019227747,LOW PRIORITY
2952,0,0.0061710156,LOW PRIORITY
2958,0,0.0016388546,LOW PRIORITY
2961,0,0.023688108,LOW PRIORITY
2963,0,0.018604573,LOW PRIORITY
2964,0,0.13921838,LOW PRIORITY
2968,1,0.95720196,HIGH PRIORITY
2975,0,0.17907943,LOW PRIORITY
2980,0,0.03977705,LOW PRIORITY
2986,0,0.00080461754,LOW PRIORITY
2995,0,0.0062242914,LOW PRIORITY
3005,1,0.98457056,HIGH PRIORITY
3006,0,0.0043693567,LOW PRIORITY
3007,0,0.04613177,LOW PRIORITY
3009,1,0.99760133,HIGH PRIORITY
3010,0,0.07250949,LOW PRIORITY
3011,0,0.0017757855,LOW PRIORITY
3025,0,0.083458334,LOW PRIORITY
3032,0,0.030227674,LOW PRIORITY
3033,0,0.013563527,LOW PRIORITY
3037,0,0.034443017,LOW PRIORITY
3050,0,0.13870345,LOW PRIORITY
3056,0,0.0011605324,LOW PRIORITY
3066,0,0.030548548,LOW PRIORITY
3068,0,0.071972914,LOW PRIORITY
3074,1,0.80902636,HIGH PRIORITY
3075,0,0.002280516,LOW PRIORITY
3076,0,0.013788988,LOW PRIORITY
3081,0,0.011816294,LOW PRIORITY
3083,0,0.022325352,LOW PRIORITY
3091,0,0.0013327453,LOW PRIORITY
3099,0,0.118545115,LOW PRIORITY
3102,0,0.00905392,LOW PRIORITY
3104,1,0.5158934,MEDIUM PRIORITY
3107,0,0.00064158975,LOW PRIORITY
3112,0,0.03303508,LOW PRIORITY
3117,0,0.0028881773,LOW PRIORITY
3120,0,0.028114833,LOW PRIORITY
3129,0,0.009483486,LOW PRIORITY
3130,0,0.0012857592,LOW PRIORITY
3136,0,0.023141809,LOW PRIORITY
3138,1,0.9882776,HIGH PRIORITY
3139,0,0.4557371,MEDIUM PRIORITY
3152,0,0.0031205602,LOW PRIORITY
3153,0,0.01149478,LOW PRIORITY
3158,0,0.25559586,LOW PRIORITY
3170,0,0.0029920621,LOW PRIORITY
3174,1,0.9757474,HIGH PRIORITY
3179,0,0.0940647,LOW PRIORITY
3182,1,0.079909764,LOW PRIORITY
3194,0,0.018141696,LOW PRIORITY
3197,0,0.002868574,LOW PRIORITY
3202,0,0.1873269,LOW PRIORITY
3220,0,0.036389925,LOW PRIORITY
3225,1,0.56007296,MEDIUM PRIORITY
3231,0,0.004426621,LOW PRIORITY
3233,0,0.02865206,LOW PRIORITY
3254,0,0.00055688183,LOW PRIORITY
3262,1,0.8063296,HIGH PRIORITY
3265,0,0.03086328,LOW PRIORITY
3266,0,0.0007289133,LOW PRIORITY
3267,0,0.024513412,LOW PRIORITY
3270,0,0.04935668,LOW PRIORITY
3276,0,0.011044397,LOW PRIORITY
3277,0,0.27844578,LOW PRIORITY
3281,0,0.018489469,LOW PRIORITY
3283,0,0.0006344359,LOW PRIORITY
3286,0,0.004880674,LOW PRIORITY
3298,0,0.06563671,LOW PRIORITY
3308,0,0.0048625926,LOW PRIORITY
3310,0,0.020746043,LOW PRIORITY
3312,0,0.13728845,LOW PRIORITY
3321,0,0.0527215,LOW PRIORITY
3332,0,0.052523147,LOW PRIORITY
3334,0,0.13503619,LOW PRIORITY
3336,0,0.008383061,LOW PRIORITY
3340,1,0.50282097,MEDIUM PRIORITY
3363,0,0.0019964012,LOW PRIORITY
3376,0,0.03276686,LOW PRIORITY
3381,0,0.0043782066,LOW PRIORITY
3386,0,0.0010783457,LOW PRIORITY
3388,0,0.33178312,MEDIUM PRIORITY
3389,0,0.04282058,LOW PRIORITY
3403,0,0.12432359,LOW PRIORITY
3406,0,0.015173808,LOW PRIORITY
3409,0,0.060551703,LOW PRIORITY
3412,0,0.077822015,LOW PRIORITY
3421,0,0.017025141,LOW PRIORITY
3422,0,0.19309169,LOW PRIORITY
3426,0,0.0036435714,LOW PRIORITY
3427,0,0.19211103,LOW PRIORITY
3428,0,0.003819607,LOW PRIORITY
3433,0,0.10743826,LOW PRIORITY
3434,0,0.18950774,LOW PRIORITY
3436,0,0.005907996,LOW PRIORITY
3439,0,0.066935636,LOW PRIORITY
3445,1,0.55793625,MEDIUM PRIORITY
3463,0,0.0023246661,LOW PRIORITY
3469,0,0.18771279,LOW PRIORITY
3478,1,0.24103245,LOW PRIORITY
3479,0,0.31260246,MEDIUM PRIORITY
3483,1,0.7029341,HIGH PRIORITY
3491,0,0.024844617,LOW PRIORITY
3498,1,0.78067756,HIGH PRIORITY
3503,0,0.029646391,LOW PRIORITY
3507,1,0.6547278,HIGH PRIORITY
3515,0,0.003662736,LOW PRIORITY
3517,1,0.4484556,MEDIUM PRIORITY
3518,0,0.06738131,LOW PRIORITY
3520,1,0.9311784,HIGH PRIORITY
3523,0,0.012769703,LOW PRIORITY
3524,1,0.42049792,MEDIUM PRIORITY
3525,0,0.023051305,LOW PRIORITY
3526,0,0.0070181563,LOW PRIORITY
3535,0,0.040784374,LOW PRIORITY
3536,0,0.021964043,LOW PRIORITY
3537,0,0.18585236,LOW PRIORITY
3547,1,0.6184854,HIGH PRIORITY
3551,0,0.0017014163,LOW PRIORITY
3559,0,0.0002792655,LOW PRIORITY
3560,0,0.17588776,LOW PRIORITY
3565,0,0.0076434175,LOW PRIORITY
3570,0,0.002068477,LOW PRIORITY
3571,1,0.71440285,HIGH PRIORITY
3578,0,0.013113913,LOW PRIORITY
3584,1,0.96922594,HIGH PRIORITY
3594,0,0.116634354,LOW PRIORITY
3595,0,0.0025219158,LOW PRIORITY
3598,0,0.0044343947,LOW PRIORITY
3599,0,0.084867686,LOW PRIORITY
3602,0,0.0024768538,LOW PRIORITY
3619,1,0.86837214,HIGH PRIORITY
3623,0,0.005412406,LOW PRIORITY
3628,0,0.0056047984,LOW PRIORITY
3629,0,0.19944231,LOW PRIORITY
3635,0,0.007941209,LOW PRIORITY
3641,0,0.008784742,LOW PRIORITY
3643,0,0.008638141,LOW PRIORITY
3645,1,0.7107814,HIGH PRIORITY
3657,0,0.27315798,LOW PRIORITY
3661,0,0.30156937,MEDIUM PRIORITY
3665,0,0.025556965,LOW PRIORITY
3667,1,0.99582654,HIGH PRIORITY
3673,0,0.010637314,LOW PRIORITY
3678,1,0.6957037,HIGH PRIORITY
3690,1,0.95982987,HIGH PRIORITY
3696,0,0.0109392,LOW PRIORITY
3697,0,0.048626803,LOW PRIORITY
3698,1,0.9007262,HIGH PRIORITY
3706,1,0.24620818,LOW PRIORITY
3710,1,0.6132672,HIGH PRIORITY
3711,0,0.2522718,LOW PRIORITY
3712,0,0.18713535,LOW PRIORITY
3717,0,0.0018431181,LOW PRIORITY
3722,0,0.0013028745,LOW PRIORITY
3725,1,0.99437344,HIGH PRIORITY
3726,0,0.0091380505,LOW PRIORITY
3732,0,0.00887162,LOW PRIORITY
3745,0,0.004198953,LOW PRIORITY
3749,0,0.10087588,LOW PRIORITY
3759,0,0.03410634,LOW PRIORITY
3762,1,0.90487134,HIGH PRIORITY
3766,1,0.86790335,HIGH PRIORITY
3767,0,0.024396008,LOW PRIORITY
3769,0,0.023097606,LOW PRIORITY
3783,0,0.0038927086,LOW PRIORITY
3790,0,0.004312042,LOW PRIORITY
3798,0,0.0019106151,LOW PRIORITY
3799,0,0.021635698,LOW PRIORITY
3807,0,0.05858936,LOW PRIORITY
3828,0,0.014113202,LOW PRIORITY
3829,0,0.00033287518,LOW PRIORITY
3830,0,0.0006978674,LOW PRIORITY
3834,0,0.032738727,LOW PRIORITY
3839,0,0.019745277,LOW PRIORITY
3846,0,0.08304057,LOW PRIORITY
3850,0,0.032485537,LOW PRIORITY
3852,0,0.013102982,LOW PRIORITY
3855,0,0.030160708,LOW PRIORITY
3856,0,0.011610252,LOW PRIORITY
3859,0,0.01277965,LOW PRIORITY
3865,1,0.4294336,MEDIUM PRIORITY
3867,0,0.01277965,LOW PRIORITY
3870,0,0.022860536,LOW PRIORITY
3878,0,0.08858555,LOW PRIORITY
3885,1,0.9061384,HIGH PRIORITY
3887,1,0.93609756,HIGH PRIORITY
3896,0,0.15390132,LOW PRIORITY
3900,0,0.000812028,LOW PRIORITY
3910,1,0.95485085,HIGH PRIORITY
3916,0,0.16594753,LOW PRIORITY
3919,1,0.9390292,HIGH PRIORITY
3921,0,0.043386642,LOW PRIORITY
3924,0,0.08127903,LOW PRIORITY
3933,0,0.06745366,LOW PRIORITY
3934,0,0.009740615,LOW PRIORITY
3945,1,0.76235706,HIGH PRIORITY
3955,0,0.0058836285,LOW PRIORITY
3967,0,0.017037274,LOW PRIORITY
3968,1,0.98254967,HIGH PRIORITY
3969,0,0.0039442508,LOW PRIORITY
3972,0,0.03169058,LOW PRIORITY
3979,1,0.95981055,HIGH PRIORITY
4001,0,0.05795839,LOW PRIORITY
4002,0,0.021874532,LOW PRIORITY
4012,1,0.36826503,MEDIUM PRIORITY
4023,1,0.60657084,HIGH PRIORITY
4037,0,0.0027448745,LOW PRIORITY
4042,1,0.3805155,MEDIUM PRIORITY
4047,0,0.0386443,LOW PRIORITY
4050,0,0.0011902048,LOW PRIORITY
4055,0,0.0016811929,LOW PRIORITY
4058,0,0.12931123,LOW PRIORITY
4065,0,0.10230961,LOW PRIORITY
4066,0,0.0018194009,LOW PRIORITY
4070,1,0.9385745,HIGH PRIORITY
4073,1,0.669417,HIGH PRIORITY
4084,0,0.001380009,LOW PRIORITY
4086,0,0.014806907,LOW PRIORITY
4088,0,0.23746368,LOW PRIORITY
4093,0,0.0360839,LOW PRIORITY
4094,0,0.08101943,LOW PRIORITY
4095,0,0.07380974,LOW PRIORITY
4096,0,0.056506112,LOW PRIORITY
4098,0,0.09444203,LOW PRIORITY
4099,0,0.18647498,LOW PRIORITY
4102,0,0.0021360363,LOW PRIORITY
4107,0,0.0055059493,LOW PRIORITY
4114,0,0.1539259,LOW PRIORITY
4119,0,0.013563527,LOW PRIORITY
4120,0,0.0046188165,LOW PRIORITY
4122,1,0.7134447,HIGH PRIORITY
4127,1,0.8538721,HIGH PRIORITY
4128,0,0.017511632,LOW PRIORITY
4136,0,0.027560076,LOW PRIORITY
4137,0,0.048828024,LOW PRIORITY
4138,0,0.006584938,LOW PRIORITY
4141,0,0.055509575,LOW PRIORITY
4148,0,0.06377557,LOW PRIORITY
4149,0,0.011394669,LOW PRIORITY
4168,1,0.84786344,HIGH PRIORITY
4174,0,0.00067429175,LOW PRIORITY
4179,0,0.0009880827,LOW PRIORITY
4184,0,0.0011643548,LOW PRIORITY
4186,0,0.12831677,LOW PRIORITY
4188,1,0.5563498,MEDIUM PRIORITY
4198,0,0.0072716186,LOW PRIORITY
4200,0,0.0017009791,LOW PRIORITY
4201,0,0.09746283,LOW PRIORITY
4207,0,0.56496465,MEDIUM PRIORITY
4211,0,0.13397048,LOW PRIORITY
4216,1,0.9868242,HIGH PRIORITY
4220,0,0.0038247453,LOW PRIORITY
4227,0,0.0011685115,LOW PRIORITY
4240,0,0.06986249,LOW PRIORITY
4246,0,0.10844156,LOW PRIORITY
4248,0,0.3616666,MEDIUM PRIORITY
4252,0,0.00077481417,LOW PRIORITY
4259,0,0.0012401934,LOW PRIORITY
4261,1,0.9915296,HIGH PRIORITY
4268,0,0.0007963122,LOW PRIORITY
4271,0,0.005156655,LOW PRIORITY
4278,1,0.8872288,HIGH PRIORITY
4279,0,0.0011249064,LOW PRIORITY
4286,0,0.19284151,LOW PRIORITY
4290,0,0.03660087,LOW PRIORITY
4297,0,0.01065445,LOW PRIORITY
4298,0,0.0036488706,LOW PRIORITY
4299,1,0.26348135,LOW PRIORITY
4301,1,0.9587431,HIGH PRIORITY
4303,0,0.0075129773,LOW PRIORITY
4310,1,0.33183414,MEDIUM PRIORITY
4320,0,0.014654445,LOW PRIORITY
4322,0,0.041873086,LOW PRIORITY
4324,0,0.008007705,LOW PRIORITY
4328,0,0.00095607527,LOW PRIORITY
4329,0,0.0107703125,LOW PRIORITY
4331,0,0.14425798,LOW PRIORITY
4333,0,0.010927774,LOW PRIORITY
4338,0,0.07684521,LOW PRIORITY
4339,0,0.005412976,LOW PRIORITY
4345,0,0.0019843508,LOW PRIORITY
4351,0,0.01187899,LOW PRIORITY
4356,0,0.1362279,LOW PRIORITY
4368,0,0.001271677,LOW PRIORITY
4369,0,0.08463267,LOW PRIORITY
4370,0,0.0022277199,LOW PRIORITY
4376,1,0.21769914,LOW PRIORITY
4377,0,0.14851272,LOW PRIORITY
4381,0,0.03087352,LOW PRIORITY
4385,0,0.00546204,LOW PRIORITY
4390,0,0.007071267,LOW PRIORITY
4391,0,0.017025141,LOW PRIORITY
4394,0,0.055952225,LOW PRIORITY
4399,0,0.08771076,LOW PRIORITY
4405,0,0.036736075,LOW PRIORITY
4406,0,0.05703805,LOW PRIORITY
4415,0,0.03904099,LOW PRIORITY
4418,1,0.90189457,HIGH PRIORITY
4426,0,0.16376065,LOW PRIORITY
4427,1,0.93290424,HIGH PRIORITY
4432,0,0.015543493,LOW PRIORITY
4436,0,0.22818507,LOW PRIORITY
4437,0,0.0019463967,LOW PRIORITY
4440,0,0.009991113,LOW PRIORITY
4442,0,0.006774559,LOW PRIORITY
4444,0,0.03511568,LOW PRIORITY
4452,1,0.79373115,HIGH PRIORITY
4459,0,0.014390253,LOW PRIORITY
4470,0,0.045886133,LOW PRIORITY
4472,0,0.019107496,LOW PRIORITY
4475,0,0.22433344,LOW PRIORITY
4477,0,0.015953919,LOW PRIORITY
4478,0,0.010165732,LOW PRIORITY
4480,0,0.0046729385,LOW PRIORITY
4483,0,0.01786938,LOW PRIORITY
4487,1,0.31903666,MEDIUM PRIORITY
4491,0,0.13864063,LOW PRIORITY
4500,0,0.003819607,LOW PRIORITY
4501,0,0.03316107,LOW PRIORITY
4507,0,0.25351155,LOW PRIORITY
4508,0,0.0026934363,LOW PRIORITY
4518,0,0.009051414,LOW PRIORITY
4530,1,0.92480963,HIGH PRIORITY
4541,0,0.0012742261,LOW PRIORITY
4543,0,0.24141149,LOW PRIORITY
4547,0,0.0038817266,LOW PRIORITY
4548,0,0.003035495,LOW PRIORITY
4550,0,0.0039463774,LOW PRIORITY
4552,0,0.0025829917,LOW PRIORITY
4554,0,0.0011165661,LOW PRIORITY
4557,0,0.13163793,LOW PRIORITY
4580,1,0.9933444,HIGH PRIORITY
4587,0,0.0063772346,LOW PRIORITY
4597,0,0.04307991,LOW PRIORITY
4599,0,0.013013905,LOW PRIORITY
4603,0,0.003980296,LOW PRIORITY
4607,0,0.021315869,LOW PRIORITY
4608,1,0.02478635,LOW PRIORITY
4609,0,0.072347626,LOW PRIORITY
4611,1,0.91218925,HIGH PRIORITY
4619,0,0.06047189,LOW PRIORITY
4637,0,0.38145834,MEDIUM PRIORITY
4640,0,0.020970237,LOW PRIORITY
4643,0,0.23065798,LOW PRIORITY
4646,0,0.03778449,LOW PRIORITY
4653,0,0.067107745,LOW PRIORITY
4654,0,0.0034267644,LOW PRIORITY
4656,0,0.03175281,LOW PRIORITY
4669,0,0.06667288,LOW PRIORITY
4673,1,0.92411685,HIGH PRIORITY
4676,0,0.0039184047,LOW PRIORITY
4679,0,0.0028975715,LOW PRIORITY
4682,0,0.0012508973,LOW PRIORITY
4686,0,0.17493,LOW PRIORITY
4687,0,0.009140041,LOW PRIORITY
4690,0,0.03344222,LOW PRIORITY
4692,1,0.96076053,HIGH PRIORITY
4697,0,0.069193855,LOW PRIORITY
4698,0,0.034443017,LOW PRIORITY
4702,0,0.88323647,HIGH PRIORITY
4706,0,0.034270473,LOW PRIORITY
4712,0,0.0032422906,LOW PRIORITY
4713,0,0.20807144,LOW PRIORITY
4725,0,0.0010772778,LOW PRIORITY
4741,0,0.05334157,LOW PRIORITY
4743,0,0.048049897,LOW PRIORITY
4749,0,0.26853904,LOW PRIORITY
4754,0,0.0010398141,LOW PRIORITY
4756,1,0.547774,MEDIUM PRIORITY
4764,1,0.61233556,HIGH PRIORITY
4767,0,0.032292295,LOW PRIORITY
4769,0,0.023401232,LOW PRIORITY
4785,0,0.0115237385,LOW PRIORITY
4786,0,0.020924514,LOW PRIORITY
4789,0,0.11445351,LOW PRIORITY
4790,0,0.0026078396,LOW PRIORITY
4791,0,0.021458026,LOW PRIORITY
4796,0,0.00078264595,LOW PRIORITY
4808,0,0.04443792,LOW PRIORITY
4817,0,0.034054805,LOW PRIORITY
4827,1,0.21170372,LOW PRIORITY
4828,0,0.01970223,LOW PRIORITY
4832,0,0.002211014,LOW PRIORITY
4837,0,0.0680996,LOW PRIORITY
4838,0,0.01299862,LOW PRIORITY
4843,0,0.0026934363,LOW PRIORITY
4855,1,0.1456639,LOW PRIORITY
4856,0,0.961103,HIGH PRIORITY
4860,0,0.006430238,LOW PRIORITY
4864,0,0.055212393,LOW PRIORITY
4865,1,0.8238336,HIGH PRIORITY
4867,0,0.369687,MEDIUM PRIORITY
4877,0,0.15754886,LOW PRIORITY
4887,0,0.008138808,LOW PRIORITY
4910,0,0.33738828,MEDIUM PRIORITY
4915,0,0.018136954,LOW PRIORITY
4927,0,0.01571271,LOW PRIORITY
4931,0,0.025631534,LOW PRIORITY
4937,0,0.0007277621,LOW PRIORITY
4939,0,0.1843217,LOW PRIORITY
4943,0,0.15960705,LOW PRIORITY
4944,0,0.021315869,LOW PRIORITY
4945,0,0.68899244,HIGH PRIORITY
4947,1,0.9950765,HIGH PRIORITY
4954,0,0.01628053,LOW PRIORITY
4961,0,0.017862728,LOW PRIORITY
4964,0,0.0045717265,LOW PRIORITY
4967,0,0.13528931,LOW PRIORITY
4971,0,0.23746368,LOW PRIORITY
4973,0,0.0023770933,LOW PRIORITY
4974,0,0.06575747,LOW PRIORITY
4988,0,0.0012926826,LOW PRIORITY
4990,0,0.015478971,LOW PRIORITY
4992,1,0.8484011,HIGH PRIORITY
4994,0,0.44907653,MEDIUM PRIORITY
4998,0,0.0028561917,LOW PRIORITY
5010,0,0.0053305593,LOW PRIORITY
5011,0,0.0047941953,LOW PRIORITY
5012,0,0.0025300258,LOW PRIORITY
5015,0,0.07752596,LOW PRIORITY
5025,0,0.0042029484,LOW PRIORITY
5029,0,0.010359555,LOW PRIORITY
5031,1,0.5812358,MEDIUM PRIORITY
5036,0,0.3194816,MEDIUM PRIORITY
5043,0,0.059375066,LOW PRIORITY
5046,0,0.0074877464,LOW PRIORITY
5048,0,0.06457048,LOW PRIORITY
5049,0,0.1456639,LOW PRIORITY
5057,0,0.0011335469,LOW PRIORITY
5062,0,0.010636191,LOW PRIORITY
5063,0,0.06208515,LOW PRIORITY
5067,0,0.24084303,LOW PRIORITY
5068,0,0.0033615222,LOW PRIORITY
5074,0,0.16699064,LOW PRIORITY
5077,0,0.0008862455,LOW PRIORITY
5079,0,0.0060925246,LOW PRIORITY
5080,1,0.49419785,MEDIUM PRIORITY
5081,0,0.0022781466,LOW PRIORITY
5084,0,0.0007109786,LOW PRIORITY
5092,1,0.7151012,HIGH PRIORITY
5093,1,0.9685865,HIGH PRIORITY
5107,0,0.47278175,MEDIUM PRIORITY
5113,1,0.8966222,HIGH PRIORITY
5114,0,0.14212412,LOW PRIORITY
5117,0,0.05871026,LOW PRIORITY
5120,0,0.021084609,LOW PRIORITY
5121,0,0.043472614,LOW PRIORITY
5123,0,0.038920518,LOW PRIORITY
5125,0,0.01635416,LOW PRIORITY
5136,0,0.06625825,LOW PRIORITY
5138,0,0.011602063,LOW PRIORITY
5140,0,0.024535872,LOW PRIORITY
5147,0,0.5983044,MEDIUM PRIORITY
5150,0,0.06388276,LOW PRIORITY
5153,1,0.8538721,HIGH PRIORITY
5154,0,0.045217283,LOW PRIORITY
5156,0,0.008028006,LOW PRIORITY
5172,0,0.25637037,LOW PRIORITY
5176,0,0.0017916083,LOW PRIORITY
5177,0,0.0045755645,LOW PRIORITY
5180,0,0.0065115825,LOW PRIORITY
5181,0,0.012752534,LOW PRIORITY
5184,0,0.00312835,LOW PRIORITY
5185,0,0.013750828,LOW PRIORITY
5186,0,0.012882775,LOW PRIORITY
5204,1,0.81074923,HIGH PRIORITY
5207,1,0.6007724,HIGH PRIORITY
5209,0,0.02767091,LOW PRIORITY
5221,0,0.065416,LOW PRIORITY
5223,0,0.001103034,LOW PRIORITY
5229,0,0.002096191,LOW PRIORITY
5231,0,0.00622623,LOW PRIORITY
5232,0,0.0017757855,LOW PRIORITY
5234,0,0.0013184871,LOW PRIORITY
5236,0,0.99225676,HIGH PRIORITY
5237,0,0.0033049532,LOW PRIORITY
5247,0,0.0007703431,LOW PRIORITY
5250,1,0.12233713,LOW PRIORITY
5252,0,0.115269855,LOW PRIORITY
5253,0,0.030509511,LOW PRIORITY
5255,0,0.0036303697,LOW PRIORITY
5263,0,0.004516822,LOW PRIORITY
5267,0,0.031335328,LOW PRIORITY
5268,0,0.001970163,LOW PRIORITY
5272,0,0.010695105,LOW PRIORITY
5278,0,0.0037056806,LOW PRIORITY
5283,0,0.017723568,LOW PRIORITY
5286,0,0.0068619903,LOW PRIORITY
5287,0,0.00395336,LOW PRIORITY
5289,0,0.11008963,LOW PRIORITY
5290,0,0.05628453,LOW PRIORITY
5294,0,0.0024355773,LOW PRIORITY
5299,0,0.024281252,LOW PRIORITY
5300,0,0.019332172,LOW PRIORITY
5302,1,0.7839043,HIGH PRIORITY
5303,0,0.007466465,LOW PRIORITY
5304,0,0.13751216,LOW PRIORITY
5313,0,0.014253479,LOW PRIORITY
5314,0,0.04884494,LOW PRIORITY
5316,0,0.014464884,LOW PRIORITY
5320,1,0.7646052,HIGH PRIORITY
5324,0,0.0027408781,LOW PRIORITY
5329,0,0.0018870654,LOW PRIORITY
5331,0,0.33845013,MEDIUM PRIORITY
5332,0,0.16259451,LOW PRIORITY
5336,0,0.012875772,LOW PRIORITY
5341,0,0.39710218,MEDIUM PRIORITY
5342,0,0.16207102,LOW PRIORITY
5346,0,0.018959908,LOW PRIORITY
5350,1,0.6506153,HIGH PRIORITY
5370,0,0.75354975,HIGH PRIORITY
5371,1,0.8129144,HIGH PRIORITY
5376,0,0.07770574,LOW PRIORITY
5386,1,0.97109544,HIGH PRIORITY
5389,0,0.008852165,LOW PRIORITY
5393,0,0.0375924,LOW PRIORITY
5394,0,0.012392711,LOW PRIORITY
5396,0,0.023399908,LOW PRIORITY
5407,0,0.012047739,LOW PRIORITY
5423,0,0.008050338,LOW PRIORITY
5424,0,0.036389925,LOW PRIORITY
5429,0,0.04452357,LOW PRIORITY
5430,0,0.2588334,LOW PRIORITY
5441,0,0.00635648,LOW PRIORITY
5453,0,0.34550816,MEDIUM PRIORITY
5454,0,0.0034717363,LOW PRIORITY
5455,0,0.008740194,LOW PRIORITY
5462,0,0.027510732,LOW PRIORITY
5474,0,0.003431498,LOW PRIORITY
5491,0,0.032075122,LOW PRIORITY
5493,0,0.06493974,LOW PRIORITY
5510,0,0.1785178,LOW PRIORITY
5512,0,0.0030213546,LOW PRIORITY
5513,0,0.04613177,LOW PRIORITY
5517,0,0.009090448,LOW PRIORITY
5519,1,0.019706536,LOW PRIORITY
5524,1,0.95594233,HIGH PRIORITY
5527,0,0.043900143,LOW PRIORITY
5529,0,0.05795839,LOW PRIORITY
5534,0,0.08168919,LOW PRIORITY
5536,1,0.9757474,HIGH PRIORITY
5538,1,0.95485085,HIGH PRIORITY
5543,0,0.059270956,LOW PRIORITY
5544,0,0.38425115,MEDIUM PRIORITY
5545,0,0.004354643,LOW PRIORITY
5547,1,0.99032974,HIGH PRIORITY
5552,0,0.10485151,LOW PRIORITY
5555,0,0.0021928593,LOW PRIORITY
5558,0,0.13877425,LOW PRIORITY
5562,0,0.0036563931,LOW PRIORITY
5564,0,0.08683174,LOW PRIORITY
5577,0,0.0011058673,LOW PRIORITY
5585,1,0.6603801,HIGH PRIORITY
5589,0,0.048717216,LOW PRIORITY
5596,0,0.0042328513,LOW PRIORITY
5602,0,0.004880188,LOW PRIORITY
5610,0,0.006106516,LOW PRIORITY
5621,1,0.89474523,HIGH PRIORITY
5623,0,0.009865355,LOW PRIORITY
5626,0,0.25501165,LOW PRIORITY
5628,0,0.42718378,MEDIUM PRIORITY
5631,0,0.0031119967,LOW PRIORITY
5633,0,0.011932662,LOW PRIORITY
5636,1,0.71347225,HIGH PRIORITY
5642,0,0.03447625,LOW PRIORITY
5644,0,0.001720489,LOW PRIORITY
5654,0,0.012243882,LOW PRIORITY
5667,1,0.73222893,HIGH PRIORITY
5675,0,0.57953864,MEDIUM PRIORITY
5680,0,0.004499091,LOW PRIORITY
5682,0,0.10493868,LOW PRIORITY
5684,0,0.035601065,LOW PRIORITY
5687,0,0.12274004,LOW PRIORITY
5692,0,0.0006767181,LOW PRIORITY
5710,0,0.15434642,LOW PRIORITY
5718,1,0.8977967,HIGH PRIORITY
5721,0,0.013018259,LOW PRIORITY
5723,0,0.0008356654,LOW PRIORITY
5726,0,0.14021651,LOW PRIORITY
5731,0,0.028015655,LOW PRIORITY
5734,0,0.0027953933,LOW PRIORITY
5735,0,0.6506153,HIGH PRIORITY
5740,1,0.53793985,MEDIUM PRIORITY
5748,1,0.051145922,LOW PRIORITY
5751,0,0.003746741,LOW PRIORITY
5756,0,0.0052008447,LOW PRIORITY
5758,1,0.9411758,HIGH PRIORITY
5763,0,0.00798897,LOW PRIORITY
5782,0,0.034449805,LOW PRIORITY
5788,0,0.0070324726,LOW PRIORITY
5790,0,0.039383505,LOW PRIORITY
5794,1,0.7869461,HIGH PRIORITY
5796,0,0.017914265,LOW PRIORITY
5798,0,0.0027040641,LOW PRIORITY
5802,0,0.03168343,LOW PRIORITY
5823,0,0.011022591,LOW PRIORITY
5824,0,0.011560226,LOW PRIORITY
5827,0,0.007445617,LOW PRIORITY
5830,1,0.94558704,HIGH PRIORITY
5831,1,0.7756098,HIGH PRIORITY
5832,0,0.008449469,LOW PRIORITY
5835,0,0.12586777,LOW PRIORITY
5837,0,0.093598366,LOW PRIORITY
5841,0,0.011670978,LOW PRIORITY
5846,0,0.028894613,LOW PRIORITY
5847,0,0.0036877652,LOW PRIORITY
5848,1,0.97055286,HIGH PRIORITY
5863,0,0.004284453,LOW PRIORITY
5866,0,0.0047633555,LOW PRIORITY
5868,0,0.11159993,LOW PRIORITY
5871,0,0.074645184,LOW PRIORITY
5872,0,0.027529065,LOW PRIORITY
5883,0,0.00703221,LOW PRIORITY
5885,0,0.020746043,LOW PRIORITY
5892,0,0.83831877,HIGH PRIORITY
5896,0,0.0005546195,LOW PRIORITY
5899,0,0.118892476,LOW PRIORITY
5907,0,0.07145893,LOW PRIORITY
5909,0,0.029296985,LOW PRIORITY
5922,0,0.012175692,LOW PRIORITY
5929,0,0.13376015,LOW PRIORITY
5935,0,0.24519551,LOW PRIORITY
5939,0,0.0033227624,LOW PRIORITY
5948,0,0.0013769993,LOW PRIORITY
5954,0,0.008918327,LOW PRIORITY
5955,0,0.33267543,MEDIUM PRIORITY
5956,0,0.024551302,LOW PRIORITY
5959,0,0.059083864,LOW PRIORITY
5961,0,0.0024972872,LOW PRIORITY
5966,0,0.26585954,LOW PRIORITY
5967,0,0.01059184,LOW PRIORITY
5975,0,0.002997461,LOW PRIORITY
5985,0,0.42037034,MEDIUM PRIORITY
5987,0,0.0006532223,LOW PRIORITY
5989,0,0.024024338,LOW PRIORITY
5991,0,0.033515897,LOW PRIORITY
5995,1,0.7740432,HIGH PRIORITY
6001,0,0.0057069925,LOW PRIORITY
6019,1,0.5840198,MEDIUM PRIORITY
6024,1,0.97109544,HIGH PRIORITY
6036,0,0.0155798225,LOW PRIORITY
6049,0,0.00822285,LOW PRIORITY
6050,0,0.06584046,LOW PRIORITY
6055,0,0.07578706,LOW PRIORITY
6059,1,0.6745192,HIGH PRIORITY
6071,0,0.008089876,LOW PRIORITY
6072,1,0.9793586,HIGH PRIORITY
6086,0,0.03555545,LOW PRIORITY
6097,0,0.15017112,LOW PRIORITY
6103,0,0.0075173695,LOW PRIORITY
6116,0,0.011984089,LOW PRIORITY
6119,0,0.008596573,LOW PRIORITY
6131,0,0.00037708733,LOW PRIORITY
6141,0,0.06886869,LOW PRIORITY
6142,0,0.0067963535,LOW PRIORITY
6147,0,0.017128188,LOW PRIORITY
6168,0,0.05216193,LOW PRIORITY
6173,0,0.0008862455,LOW PRIORITY
6177,0,0.052983914,LOW PRIORITY
6181,0,0.11624123,LOW PRIORITY
6182,0,0.009534254,LOW PRIORITY
6183,0,0.045886133,LOW PRIORITY
6184,0,0.173576,LOW PRIORITY
6197,0,0.047027227,LOW PRIORITY
6200,0,0.009331791,LOW PRIORITY
6201,0,0.011033278,LOW PRIORITY
6202,0,0.011610252,LOW PRIORITY
6203,0,0.034279857,LOW PRIORITY
6205,1,0.59910876,MEDIUM PRIORITY
6211,0,0.004197396,LOW PRIORITY
6214,0,0.041642547,LOW PRIORITY
6215,1,0.3924825,MEDIUM PRIORITY
6218,0,0.2581258,LOW PRIORITY
6222,0,0.008803533,LOW PRIORITY
6230,0,0.083768256,LOW PRIORITY
6233,0,0.045404118,LOW PRIORITY
6237,0,0.0013215987,LOW PRIORITY
6245,0,0.008191616,LOW PRIORITY
6246,1,0.65214676,HIGH PRIORITY
6248,1,0.8330399,HIGH PRIORITY
6250,1,0.8069091,HIGH PRIORITY
6255,0,0.0009925526,LOW PRIORITY
6257,0,0.052832045,LOW PRIORITY
6260,1,0.31312737,MEDIUM PRIORITY
6261,0,0.0011277437,LOW PRIORITY
6262,0,0.073388524,LOW PRIORITY
6263,0,0.086901784,LOW PRIORITY
6271,0,0.012346551,LOW PRIORITY
6274,0,0.04179705,LOW PRIORITY
6281,0,0.16080736,LOW PRIORITY
6283,0,0.017025141,LOW PRIORITY
6287,1,0.43456483,MEDIUM PRIORITY
6289,0,0.011761238,LOW PRIORITY
6292,1,0.8308055,HIGH PRIORITY
6295,0,0.018441373,LOW PRIORITY
6299,1,0.88610584,HIGH PRIORITY
6303,0,0.009837108,LOW PRIORITY
6310,0,0.05613098,LOW PRIORITY
6312,0,0.020439386,LOW PRIORITY
6318,0,0.023399908,LOW PRIORITY
6320,0,0.6332527,HIGH PRIORITY
6327,0,0.001322727,LOW PRIORITY
6336,0,0.0025613885,LOW PRIORITY
6340,0,0.014053991,LOW PRIORITY
6343,0,0.06393184,LOW PRIORITY
6347,0,0.02548085,LOW PRIORITY
6349,0,0.032738492,LOW PRIORITY
6354,1,0.64437157,HIGH PRIORITY
6355,0,0.0027459136,LOW PRIORITY
6357,0,0.0043017445,LOW PRIORITY
6365,0,0.056077924,LOW PRIORITY
6374,0,0.075478196,LOW PRIORITY
6376,0,0.0026404872,LOW PRIORITY
6379,1,0.73914814,HIGH PRIORITY
6382,0,0.00049908314,LOW PRIORITY
6383,0,0.0029191691,LOW PRIORITY
6384,0,0.05171223,LOW PRIORITY
6387,0,0.025190203,LOW PRIORITY
6398,0,0.11080343,LOW PRIORITY
6404,0,0.25179654,LOW PRIORITY
6406,0,0.07350321,LOW PRIORITY
6409,1,0.82635444,HIGH PRIORITY
6417,0,0.027452175,LOW PRIORITY
6421,0,0.23292087,LOW PRIORITY
6422,0,0.28152615,LOW PRIORITY
6424,0,0.04399895,LOW PRIORITY
6428,0,0.06844851,LOW PRIORITY
6431,0,0.1428065,LOW PRIORITY
6437,0,0.004118475,LOW PRIORITY
6439,0,0.10692337,LOW PRIORITY
6445,0,0.004386527,LOW PRIORITY
6457,0,0.0007683874,LOW PRIORITY
6460,0,0.0046015084,LOW PRIORITY
6461,0,0.018516479,LOW PRIORITY
6466,0,0.011495789,LOW PRIORITY
6471,0,0.14386846,LOW PRIORITY
6488,0,0.0016293196,LOW PRIORITY
6497,0,0.08796508,LOW PRIORITY
6504,0,0.17199749,LOW PRIORITY
6507,0,0.012641335,LOW PRIORITY
6515,0,0.0010937711,LOW PRIORITY
6516,0,0.002505915,LOW PRIORITY
6518,0,0.07962114,LOW PRIORITY
6521,0,0.06305268,LOW PRIORITY
6528,0,0.0042671743,LOW PRIORITY
6534,0,0.0021248134,LOW PRIORITY
6543,0,0.11481646,LOW PRIORITY
6544,0,0.0021340663,LOW PRIORITY
6565,0,0.12202077,LOW PRIORITY
6566,0,0.19033642,LOW PRIORITY
6568,0,0.011992381,LOW PRIORITY
6575,0,0.099971175,LOW PRIORITY
6583,0,0.10743826,LOW PRIORITY
6605,0,0.07651007,LOW PRIORITY
6606,0,0.4157356,MEDIUM PRIORITY
6609,1,0.6847591,HIGH PRIORITY
6613,0,0.12490474,LOW PRIORITY
6616,0,0.0010571858,LOW PRIORITY
6619,0,0.008635279,LOW PRIORITY
6634,0,0.013103075,LOW PRIORITY
6637,0,0.036007687,LOW PRIORITY
6642,0,0.117812656,LOW PRIORITY
6646,0,0.004058206,LOW PRIORITY
6652,0,0.01708313,LOW PRIORITY
6653,1,0.76750445,HIGH PRIORITY
6658,0,0.00965742,LOW PRIORITY
6661,0,0.027510732,LOW PRIORITY
6663,0,0.02642258,LOW PRIORITY
6673,0,0.32421812,MEDIUM PRIORITY
6678,0,0.014486851,LOW PRIORITY
6679,0,0.0045621926,LOW PRIORITY
6682,0,0.024303893,LOW PRIORITY
6690,0,0.1616412,LOW PRIORITY
6694,0,0.0047806096,LOW PRIORITY
6710,0,0.16003087,LOW PRIORITY
6715,0,0.5449678,MEDIUM PRIORITY
6720,1,0.40286484,MEDIUM PRIORITY
6721,0,0.020215137,LOW PRIORITY
6722,0,0.012317447,LOW PRIORITY
6728,0,0.16505052,LOW PRIORITY
6729,0,0.038112037,LOW PRIORITY
6730,0,0.00656212,LOW PRIORITY
6742,0,0.008023797,LOW PRIORITY
6749,0,0.07429989,LOW PRIORITY
6768,0,0.019882178,LOW PRIORITY
6770,1,0.9557106,HIGH PRIORITY
6798,1,0.84786344,HIGH PRIORITY
6810,1,0.80461353,HIGH PRIORITY
6815,1,0.88560367,HIGH PRIORITY
6818,0,0.14600715,LOW PRIORITY
6825,0,0.0020707557,LOW PRIORITY
6853,1,0.9883869,HIGH PRIORITY
6856,1,0.53286695,MEDIUM PRIORITY
6859,0,0.019884588,LOW PRIORITY
6862,0,0.009015128,LOW PRIORITY
6864,0,0.0017771206,LOW PRIORITY
6866,0,0.0013881399,LOW PRIORITY
6870,0,0.0024070858,LOW PRIORITY
6872,0,0.004347983,LOW PRIORITY
6875,0,0.36896825,MEDIUM PRIORITY
6878,0,0.33573073,MEDIUM PRIORITY
6885,0,0.017881418,LOW PRIORITY
6887,0,0.011669602,LOW PRIORITY
6892,0,0.16780661,LOW PRIORITY
6905,0,0.008012634,LOW PRIORITY
6906,1,0.84322864,HIGH PRIORITY
6912,0,0.0053673624,LOW PRIORITY
6918,0,0.0025300258,LOW PRIORITY
6919,0,0.02666765,LOW PRIORITY
6927,0,0.3336511,MEDIUM PRIORITY
6931,1,0.84308076,HIGH PRIORITY
6932,0,0.48993945,MEDIUM PRIORITY
6935,0,0.03778449,LOW PRIORITY
6940,0,0.02316839,LOW PRIORITY
6941,0,0.0097458,LOW PRIORITY
6945,0,0.07469463,LOW PRIORITY
6950,0,0.021159202,LOW PRIORITY
6958,0,0.016451748,LOW PRIORITY
6961,0,0.012611416,LOW PRIORITY
6963,0,0.008338561,LOW PRIORITY
6969,0,0.00319953,LOW PRIORITY
6974,0,0.017410789,LOW PRIORITY
6977,0,0.34113744,MEDIUM PRIORITY
6982,0,0.2188429,LOW PRIORITY
6983,0,0.020410122,LOW PRIORITY
6988,0,0.11978307,LOW PRIORITY
6991,0,0.009892276,LOW PRIORITY
6999,0,0.00066728744,LOW PRIORITY
7000,0,0.06341627,LOW PRIORITY
7002,0,0.0108300485,LOW PRIORITY
7004,0,0.12147643,LOW PRIORITY
7005,0,0.00900205,LOW PRIORITY
7007,0,0.004557788,LOW PRIORITY
7010,0,0.032292295,LOW PRIORITY
7011,0,0.2908738,LOW PRIORITY
7019,0,0.027497055,LOW PRIORITY
7022,0,0.045602977,LOW PRIORITY
7023,0,0.29138717,LOW PRIORITY
7030,0,0.40848154,MEDIUM PRIORITY
7034,0,0.039271064,LOW PRIORITY
7037,0,0.059995368,LOW PRIORITY
7042,1,0.6832664,HIGH PRIORITY
7053,0,0.117002405,LOW PRIORITY
7055,0,0.13012724,LOW PRIORITY
7059,0,0.0769399,LOW PRIORITY
7072,0,0.020141888,LOW PRIORITY
7079,0,0.120930426,LOW PRIORITY
7093,0,0.001748107,LOW PRIORITY
7094,0,0.0007109786,LOW PRIORITY
7101,0,0.31622067,MEDIUM PRIORITY
7106,0,0.0042059207,LOW PRIORITY
7108,0,0.50683165,MEDIUM PRIORITY
7118,1,0.7260369,HIGH PRIORITY
7119,0,0.21523678,LOW PRIORITY
7124,0,0.05208677,LOW PRIORITY
7128,0,0.00070560764,LOW PRIORITY
7129,0,0.0652556,LOW PRIORITY
7141,1,0.9096167,HIGH PRIORITY
7143,0,0.013525728,LOW PRIORITY
7152,0,0.028015655,LOW PRIORITY
7165,0,0.0013623034,LOW PRIORITY
7181,0,0.0044275057,LOW PRIORITY
7186,0,0.061736286,LOW PRIORITY
7187,0,0.018891739,LOW PRIORITY
7192,0,0.004218866,LOW PRIORITY
7196,0,0.0013793986,LOW PRIORITY
7212,0,0.0018997497,LOW PRIORITY
7214,0,0.06311715,LOW PRIORITY
7215,1,0.97757727,HIGH PRIORITY
7224,0,0.3924825,MEDIUM PRIORITY
7230,1,0.57953864,MEDIUM PRIORITY
7232,0,0.0042859283,LOW PRIORITY
7233,0,0.8244059,HIGH PRIORITY
7235,0,0.0054665753,LOW PRIORITY
7244,0,0.003922559,LOW PRIORITY
7247,0,0.24736184,LOW PRIORITY
7250,0,0.00413767,LOW PRIORITY
7254,0,0.012062846,LOW PRIORITY
7261,1,0.9142515,HIGH PRIORITY
7264,0,0.023132773,LOW PRIORITY
7270,0,0.0060156533,LOW PRIORITY
7274,0,0.057193186,LOW PRIORITY
7275,0,0.10911043,LOW PRIORITY
7279,0,0.11382413,LOW PRIORITY
7281,0,0.005802771,LOW PRIORITY
7284,0,0.071154766,LOW PRIORITY
7286,0,0.00784458,LOW PRIORITY
7290,0,0.22168973,LOW PRIORITY
7297,0,0.028772205,LOW PRIORITY
7300,0,0.01506168,LOW PRIORITY
7301,1,0.03675745,LOW PRIORITY
7313,0,0.6725859,HIGH PRIORITY
7321,0,0.0028561917,LOW PRIORITY
7325,0,0.003958072,LOW PRIORITY
7326,0,0.0016038785,LOW PRIORITY
7327,0,0.0007105447,LOW PRIORITY
7342,0,0.03546738,LOW PRIORITY
7348,1,0.7061987,HIGH PRIORITY
7349,1,0.8216489,HIGH PRIORITY
7352,0,0.0030300424,LOW PRIORITY
7366,1,0.9883869,HIGH PRIORITY
7369,0,0.04174218,LOW PRIORITY
7373,1,0.88188136,HIGH PRIORITY
7375,0,0.052089054,LOW PRIORITY
7378,0,0.29038388,LOW PRIORITY
7381,1,0.9984256,HIGH PRIORITY
7384,0,0.18283424,LOW PRIORITY
7386,0,0.0043693567,LOW PRIORITY
7393,0,0.14685406,LOW PRIORITY
7396,0,0.025937757,LOW PRIORITY
7397,0,0.030091967,LOW PRIORITY
7408,0,0.05213607,LOW PRIORITY
7409,0,0.0010256198,LOW PRIORITY
7411,0,0.009404563,LOW PRIORITY
7414,0,0.4927917,MEDIUM PRIORITY
7419,0,0.0023380884,LOW PRIORITY
7422,0,0.01627543,LOW PRIORITY
7426,0,0.0014125691,LOW PRIORITY
7428,0,0.031056635,LOW PRIORITY
7431,1,0.8879582,HIGH PRIORITY
7433,0,0.052523147,LOW PRIORITY
7437,0,0.0011231407,LOW PRIORITY
7441,0,0.019900722,LOW PRIORITY
7444,0,0.29868162,LOW PRIORITY
7446,0,0.042757623,LOW PRIORITY
7451,0,0.3616666,MEDIUM PRIORITY
7453,1,0.77232426,HIGH PRIORITY
7458,0,0.053946454,LOW PRIORITY
7462,0,0.36359328,MEDIUM PRIORITY
7476,0,0.08528437,LOW PRIORITY
7485,0,0.0053586075,LOW PRIORITY
7488,0,0.073717125,LOW PRIORITY
7494,0,0.49028295,MEDIUM PRIORITY
7495,0,0.0014627004,LOW PRIORITY
7500,0,0.011669602,LOW PRIORITY
7503,1,0.97420496,HIGH PRIORITY
7505,0,0.0028636558,LOW PRIORITY
7514,0,0.008710965,LOW PRIORITY
7516,0,0.009483486,LOW PRIORITY
7521,0,0.17588776,LOW PRIORITY
7527,0,0.19104923,LOW PRIORITY
7530,0,0.0053586075,LOW PRIORITY
7532,0,0.19312076,LOW PRIORITY
7533,0,0.48855063,MEDIUM PRIORITY
7540,0,0.0009806728,LOW PRIORITY
7573,1,0.8616889,HIGH PRIORITY
7574,0,0.0007152099,LOW PRIORITY
7592,0,0.017050207,LOW PRIORITY
7600,0,0.02523181,LOW PRIORITY
7610,0,0.055544525,LOW PRIORITY
7613,0,0.0009060808,LOW PRIORITY
7617,0,0.009433731,LOW PRIORITY
7620,0,0.0013336755,LOW PRIORITY
7627,1,0.9519103,HIGH PRIORITY
7628,0,0.008588928,LOW PRIORITY
7629,0,0.0020692162,LOW PRIORITY
7631,0,0.0014920258,LOW PRIORITY
7646,0,0.0005862067,LOW PRIORITY
7660,1,0.7281841,HIGH PRIORITY
7679,0,0.00491552,LOW PRIORITY
7683,0,0.0011239563,LOW PRIORITY
7685,0,0.05613098,LOW PRIORITY
7698,0,0.0009560042,LOW PRIORITY
7699,0,0.23061508,LOW PRIORITY
7706,0,0.04657312,LOW PRIORITY
7712,0,0.03001121,LOW PRIORITY
7718,0,0.0040080654,LOW PRIORITY
7723,0,0.018604573,LOW PRIORITY
7725,0,0.004543523,LOW PRIORITY
7732,0,0.00071301893,LOW PRIORITY
7734,1,0.868197,HIGH PRIORITY
7736,1,0.70381886,HIGH PRIORITY
7755,0,0.011374609,LOW PRIORITY
7761,0,0.006905234,LOW PRIORITY
7786,0,0.29082954,LOW PRIORITY
7787,0,0.023662599,LOW PRIORITY
7788,0,0.00031500956,LOW PRIORITY
7789,0,0.00911691,LOW PRIORITY
7791,0,0.0011304704,LOW PRIORITY
7793,0,0.24872324,LOW PRIORITY
7798,0,0.035935268,LOW PRIORITY
7801,0,0.001203376,LOW PRIORITY
7807,0,0.14600715,LOW PRIORITY
7822,0,0.0017734277,LOW PRIORITY
7828,0,0.009736026,LOW PRIORITY
7829,0,0.0019462958,LOW PRIORITY
7832,1,0.94267124,HIGH PRIORITY
7842,0,0.05620628,LOW PRIORITY
7848,0,0.057936423,LOW PRIORITY
7849,0,0.06305617,LOW PRIORITY
7851,0,0.05042736,LOW PRIORITY
7861,0,0.012935952,LOW PRIORITY
7872,1,0.9761406,HIGH PRIORITY
7873,0,0.018339047,LOW PRIORITY
7875,1,0.86995256,HIGH PRIORITY
7881,0,0.019640878,LOW PRIORITY
7892,0,0.035114888,LOW PRIORITY
7899,0,0.41440785,MEDIUM PRIORITY
7901,0,0.002890573,LOW PRIORITY
7912,0,0.08656808,LOW PRIORITY
7919,1,0.8968511,HIGH PRIORITY
7922,0,0.93253714,HIGH PRIORITY
7930,0,0.019524205,LOW PRIORITY
7937,0,0.0011502776,LOW PRIORITY
7938,0,0.0017408958,LOW PRIORITY
7943,0,0.005368457,LOW PRIORITY
7947,0,0.00039580566,LOW PRIORITY
7959,0,0.085750185,LOW PRIORITY
7960,0,0.00593618,LOW PRIORITY
7962,1,0.98396605,HIGH PRIORITY
7966,0,0.034256775,LOW PRIORITY
7972,0,0.018334018,LOW PRIORITY
7987,0,0.0021817228,LOW PRIORITY
7990,0,0.0114199165,LOW PRIORITY
7998,0,0.019064672,LOW PRIORITY
7999,1,0.9665954,HIGH PRIORITY
8008,0,0.009964237,LOW PRIORITY
8015,1,0.49404153,MEDIUM PRIORITY
8017,0,0.0011874998,LOW PRIORITY
8026,0,0.03938752,LOW PRIORITY
8029,1,0.9637883,HIGH PRIORITY
8036,0,0.035210066,LOW PRIORITY
8041,0,0.3526108,MEDIUM PRIORITY
8070,0,0.00072269933,LOW PRIORITY
8079,0,0.00090449804,LOW PRIORITY
8080,0,0.014198933,LOW PRIORITY
8082,1,0.0037414157,LOW PRIORITY
8086,0,0.012357115,LOW PRIORITY
8091,0,0.08125794,LOW PRIORITY
8093,0,0.005426776,LOW PRIORITY
8104,0,0.027186247,LOW PRIORITY
8132,0,0.18457846,LOW PRIORITY
8135,0,0.008535719,LOW PRIORITY
8140,0,0.014149359,LOW PRIORITY
8143,1,0.91087264,HIGH PRIORITY
8146,0,0.0027935423,LOW PRIORITY
8147,0,0.018458623,LOW PRIORITY
8148,0,0.031974845,LOW PRIORITY
8151,0,0.029733304,LOW PRIORITY
8159,0,0.1262654,LOW PRIORITY
8162,0,0.008255182,LOW PRIORITY
8164,0,0.32317573,MEDIUM PRIORITY
8175,0,0.0010783457,LOW PRIORITY
8180,0,0.006650371,LOW PRIORITY
8181,0,0.03709045,LOW PRIORITY
8182,0,0.017518278,LOW PRIORITY
8204,0,0.040999167,LOW PRIORITY
8207,0,0.0022060438,LOW PRIORITY
8210,0,0.0061443085,LOW PRIORITY
8212,0,0.030165508,LOW PRIORITY
8213,1,0.5336487,MEDIUM PRIORITY
8216,0,0.27796608,LOW PRIORITY
8230,0,0.023409765,LOW PRIORITY
8233,0,0.20955288,LOW PRIORITY
8234,1,0.62629247,HIGH PRIORITY
8235,0,0.012759692,LOW PRIORITY
8254,0,0.13416354,LOW PRIORITY
8268,0,0.037739072,LOW PRIORITY
8275,0,0.02295226,LOW PRIORITY
8278,0,0.28424147,LOW PRIORITY
8286,0,0.13735667,LOW PRIORITY
8299,0,0.010658187,LOW PRIORITY
8310,0,0.116729125,LOW PRIORITY
8312,0,0.0007848073,LOW PRIORITY
8314,0,0.49380633,MEDIUM PRIORITY
8315,0,0.00312835,LOW PRIORITY
8318,0,0.42325798,MEDIUM PRIORITY
8334,0,0.10911043,LOW PRIORITY
8341,1,0.5131864,MEDIUM PRIORITY
8346,1,0.7224322,HIGH PRIORITY
8360,0,0.0014125691,LOW PRIORITY
8362,1,0.99032974,HIGH PRIORITY
8369,0,0.012676654,LOW PRIORITY
8370,0,0.07770279,LOW PRIORITY
8372,0,0.0148160355,LOW PRIORITY
8373,0,0.00033287518,LOW PRIORITY
8375,0,0.005017192,LOW PRIORITY
8387,0,0.016177822,LOW PRIORITY
8395,1,0.9107984,HIGH PRIORITY
8397,0,0.008118985,LOW PRIORITY
8402,0,0.0030027523,LOW PRIORITY
8405,0,0.0010895557,LOW PRIORITY
8414,0,0.008171257,LOW PRIORITY
8416,0,0.02634476,LOW PRIORITY
8418,0,0.0077804546,LOW PRIORITY
8420,0,0.016764687,LOW PRIORITY
8427,0,0.32546824,MEDIUM PRIORITY
8430,0,0.0097515825,LOW PRIORITY
8432,0,0.2588334,LOW PRIORITY
8439,0,0.0011929362,LOW PRIORITY
8442,0,0.021276448,LOW PRIORITY
8443,1,0.9773192,HIGH PRIORITY
8461,0,0.010264798,LOW PRIORITY
8462,0,0.0837824,LOW PRIORITY
8475,0,0.015646527,LOW PRIORITY
8477,0,0.0057793884,LOW PRIORITY
8486,0,0.37008595,MEDIUM PRIORITY
8492,0,0.29575583,LOW PRIORITY
8504,0,0.011632726,LOW PRIORITY
8514,0,0.0018500517,LOW PRIORITY
8523,0,0.048494264,LOW PRIORITY
8524,1,0.9685865,HIGH PRIORITY
8527,0,0.013058795,LOW PRIORITY
8534,0,0.011391291,LOW PRIORITY
8537,1,0.9035905,HIGH PRIORITY
8541,0,9.568297e-05,LOW PRIORITY
8545,1,0.97302794,HIGH PRIORITY
8553,0,0.0020602557,LOW PRIORITY
8557,0,0.009406874,LOW PRIORITY
8560,0,0.0128153,LOW PRIORITY
8562,0,0.0024416312,LOW PRIORITY
8566,0,0.01031744,LOW PRIORITY
8581,0,0.40869418,MEDIUM PRIORITY
8584,0,0.011856779,LOW PRIORITY
8588,0,0.08101943,LOW PRIORITY
8594,0,0.019665422,LOW PRIORITY
8595,0,0.0042859283,LOW PRIORITY
8601,0,0.11377819,LOW PRIORITY
8602,0,0.002283143,LOW PRIORITY
8605,0,0.006426736,LOW PRIORITY
8614,0,0.0026316592,LOW PRIORITY
8619,0,0.0097515825,LOW PRIORITY
8624,0,0.015577804,LOW PRIORITY
8625,0,0.016295115,LOW PRIORITY
8629,0,0.0042758365,LOW PRIORITY
8643,0,0.15607777,LOW PRIORITY
8650,0,0.016354874,LOW PRIORITY
8652,0,0.1843217,LOW PRIORITY
8659,0,0.0026420888,LOW PRIORITY
8663,0,0.0005661365,LOW PRIORITY
8685,1,0.50282097,MEDIUM PRIORITY
8686,0,0.06841557,LOW PRIORITY
8687,0,0.0039710156,LOW PRIORITY
8690,0,0.028252577,LOW PRIORITY
8692,0,0.28564352,LOW PRIORITY
8700,0,0.0075740074,LOW PRIORITY
8702,0,0.1104376,LOW PRIORITY
8707,1,0.9522639,HIGH PRIORITY
8717,0,0.26871267,LOW PRIORITY
8720,0,0.012885721,LOW PRIORITY
8722,1,0.961103,HIGH PRIORITY
8724,0,0.012709652,LOW PRIORITY
8726,0,0.02614242,LOW PRIORITY
8727,0,0.0011605324,LOW PRIORITY
8732,1,0.6540413,HIGH PRIORITY
8737,0,0.0025671145,LOW PRIORITY
8746,0,0.0064616282,LOW PRIORITY
8749,0,0.002992277,LOW PRIORITY
8754,0,0.022773797,LOW PRIORITY
8755,0,0.42115936,MEDIUM PRIORITY
8773,0,0.3490979,MEDIUM PRIORITY
8775,0,0.012062846,LOW PRIORITY
8779,1,0.8713628,HIGH PRIORITY
8780,0,0.008191616,LOW PRIORITY
8783,0,0.020807695,LOW PRIORITY
8786,0,0.019904282,LOW PRIORITY
8789,0,0.00017449824,LOW PRIORITY
8799,0,0.27597395,LOW PRIORITY
8800,1,0.95720196,HIGH PRIORITY
8805,0,0.339476,MEDIUM PRIORITY
8812,0,0.047134433,LOW PRIORITY
8825,0,0.07503488,LOW PRIORITY
8832,0,0.29009724,LOW PRIORITY
8842,0,0.057917997,LOW PRIORITY
8852,0,0.020854512,LOW PRIORITY
8858,0,0.18203658,LOW PRIORITY
8867,0,0.02813969,LOW PRIORITY
8870,1,0.11733969,LOW PRIORITY
8876,0,0.17133588,LOW PRIORITY
8890,0,0.04544851,LOW PRIORITY
8895,0,0.22168973,LOW PRIORITY
8897,1,0.88529253,HIGH PRIORITY
8908,1,0.020310434,LOW PRIORITY
8910,1,0.9101853,HIGH PRIORITY
8911,0,0.06866023,LOW PRIORITY
8916,0,0.00027183694,LOW PRIORITY
8920,0,0.18852872,LOW PRIORITY
8923,1,0.9769284,HIGH PRIORITY
8925,0,0.017054556,LOW PRIORITY
8931,0,0.0021924993,LOW PRIORITY
8932,0,0.31348777,MEDIUM PRIORITY
8933,0,0.019854877,LOW PRIORITY
8939,0,0.05262176,LOW PRIORITY
8945,0,0.009658925,LOW PRIORITY
8952,0,0.027688479,LOW PRIORITY
8953,0,0.0052673216,LOW PRIORITY
8955,0,0.013302822,LOW PRIORITY
8957,0,0.093668774,LOW PRIORITY
8962,0,0.005567828,LOW PRIORITY
8969,0,0.005250417,LOW PRIORITY
8970,0,0.19461246,LOW PRIORITY
8975,0,0.3925692,MEDIUM PRIORITY
8977,0,0.011506749,LOW PRIORITY
8985,0,0.040642194,LOW PRIORITY
8996,0,0.8550034,HIGH PRIORITY
9010,1,0.9467114,HIGH PRIORITY
9014,0,0.0141118085,LOW PRIORITY
9029,0,0.011222115,LOW PRIORITY
9058,1,0.9950665,HIGH PRIORITY
9064,1,0.96790564,HIGH PRIORITY
9076,0,0.2386162,LOW PRIORITY
9080,0,0.37755284,MEDIUM PRIORITY
9081,0,0.0003816272,LOW PRIORITY
9094,1,0.34673917,MEDIUM PRIORITY
9097,0,0.009041339,LOW PRIORITY
9119,0,0.0015209321,LOW PRIORITY
9120,0,0.017918989,LOW PRIORITY
9121,1,0.9794763,HIGH PRIORITY
9135,0,0.014408498,LOW PRIORITY
9140,0,0.0016002435,LOW PRIORITY
9145,0,0.04545873,LOW PRIORITY
9150,0,0.039921418,LOW PRIORITY
9153,0,0.016136656,LOW PRIORITY
9166,0,0.0024142826,LOW PRIORITY
9167,0,0.014110701,LOW PRIORITY
9185,1,0.43623522,MEDIUM PRIORITY
9197,0,0.00084852416,LOW PRIORITY
9204,0,0.055510905,LOW PRIORITY
9206,0,0.021208951,LOW PRIORITY
9209,0,0.027452175,LOW PRIORITY
9212,0,0.09930368,LOW PRIORITY
9213,0,0.11956748,LOW PRIORITY
9214,0,0.0010017081,LOW PRIORITY
9215,0,0.21485421,LOW PRIORITY
9216,0,0.009179423,LOW PRIORITY
9220,1,0.9605758,HIGH PRIORITY
9224,0,0.26510647,LOW PRIORITY
9235,0,0.00185027,LOW PRIORITY
9239,0,0.0017582923,LOW PRIORITY
9240,0,0.00897055,LOW PRIORITY
9242,1,0.95579755,HIGH PRIORITY
9246,0,0.09113476,LOW PRIORITY
9256,0,0.06391329,LOW PRIORITY
9260,0,0.62037337,HIGH PRIORITY
9262,0,0.436017,MEDIUM PRIORITY
9264,0,0.2833376,LOW PRIORITY
9265,0,0.08937594,LOW PRIORITY
9274,0,0.18108134,LOW PRIORITY
9283,0,0.00044671842,LOW PRIORITY
9284,0,0.008277279,LOW PRIORITY
9286,0,0.04886251,LOW PRIORITY
9289,1,0.56668985,MEDIUM PRIORITY
9291,0,0.0024335566,LOW PRIORITY
9292,0,0.052951537,LOW PRIORITY
9298,0,0.011087233,LOW PRIORITY
9303,0,0.07141694,LOW PRIORITY
9305,0,0.14621462,LOW PRIORITY
9308,0,0.013077934,LOW PRIORITY
9316,0,0.0034089212,LOW PRIORITY
9323,1,0.73516786,HIGH PRIORITY
9336,0,0.011865984,LOW PRIORITY
9347,0,0.004608682,LOW PRIORITY
9349,0,0.012571251,LOW PRIORITY
9353,0,0.017805256,LOW PRIORITY
9360,0,0.08165335,LOW PRIORITY
9362,0,0.16057742,LOW PRIORITY
9365,0,0.5409207,MEDIUM PRIORITY
9369,1,0.67478883,HIGH PRIORITY
9370,0,0.028265344,LOW PRIORITY
9381,0,0.0034403165,LOW PRIORITY
9384,0,0.0034403165,LOW PRIORITY
9386,0,0.0012665404,LOW PRIORITY
9392,0,0.016740417,LOW PRIORITY
9396,0,0.11215459,LOW PRIORITY
9400,0,0.026779128,LOW PRIORITY
9405,1,0.66872704,HIGH PRIORITY
9422,0,0.0015569911,LOW PRIORITY
9423,0,0.0031403198,LOW PRIORITY
9426,0,0.0487144,LOW PRIORITY
9432,0,0.061071932,LOW PRIORITY
9449,0,0.024231685,LOW PRIORITY
9451,0,0.13552655,LOW PRIORITY
9460,0,0.030160708,LOW PRIORITY
9463,0,0.23426226,LOW PRIORITY
9467,0,0.0074026566,LOW PRIORITY
9477,0,0.0386443,LOW PRIORITY
9478,0,0.027214443,LOW PRIORITY
9481,0,0.015697319,LOW PRIORITY
9483,0,0.019111397,LOW PRIORITY
9485,0,0.0030399822,LOW PRIORITY
9491,0,0.010859557,LOW PRIORITY
9493,1,0.9972519,HIGH PRIORITY
9495,0,0.020668954,LOW PRIORITY
9499,0,0.037263438,LOW PRIORITY
9500,0,0.02375832,LOW PRIORITY
9503,0,0.23523891,LOW PRIORITY
9504,1,0.4295222,MEDIUM PRIORITY
9507,0,0.08085635,LOW PRIORITY
9516,1,0.89270043,HIGH PRIORITY
9523,0,0.0002640117,LOW PRIORITY
9529,1,0.70868325,HIGH PRIORITY
9530,0,0.011386792,LOW PRIORITY
9543,0,0.001748107,LOW PRIORITY
9553,0,0.0018092282,LOW PRIORITY
9559,0,0.008218153,LOW PRIORITY
9560,1,0.94781166,HIGH PRIORITY
9576,0,0.056576863,LOW PRIORITY
9579,0,0.007640854,LOW PRIORITY
9589,0,0.054968644,LOW PRIORITY
9592,0,0.020719681,LOW PRIORITY
9595,1,0.70627135,HIGH PRIORITY
9596,0,0.20792216,LOW PRIORITY
9597,0,0.09078969,LOW PRIORITY
9606,1,0.7984545,HIGH PRIORITY
9612,0,0.10408837,LOW PRIORITY
9617,0,0.002189096,LOW PRIORITY
9624,0,0.0028611978,LOW PRIORITY
9635,0,0.07313186,LOW PRIORITY
9645,0,0.11239263,LOW PRIORITY
9648,0,0.49386168,MEDIUM PRIORITY
9653,0,0.57363516,MEDIUM PRIORITY
9665,0,0.06540558,LOW PRIORITY
9668,0,0.6179067,HIGH PRIORITY
9671,1,0.3925692,MEDIUM PRIORITY
9672,0,0.008030612,LOW PRIORITY
9687,0,0.39579377,MEDIUM PRIORITY
9697,0,0.0036402976,LOW PRIORITY
9699,0,0.03045436,LOW PRIORITY
9701,0,0.015030813,LOW PRIORITY
9703,1,0.6744152,HIGH PRIORITY
9706,0,0.0068697967,LOW PRIORITY
9707,0,0.26989937,LOW PRIORITY
9710,0,0.12657388,LOW PRIORITY
9723,0,0.10820283,LOW PRIORITY
9725,0,0.19342625,LOW PRIORITY
9727,0,0.05767329,LOW PRIORITY
9729,0,0.045080107,LOW PRIORITY
9733,0,0.0837824,LOW PRIORITY
9736,0,0.09080831,LOW PRIORITY
9738,0,0.07431859,LOW PRIORITY
9739,0,0.16608182,LOW PRIORITY
9743,0,0.2587197,LOW PRIORITY
9750,0,0.36131287,MEDIUM PRIORITY
9757,0,0.101059124,LOW PRIORITY
9760,1,0.31622067,MEDIUM PRIORITY
9771,0,0.01248081,LOW PRIORITY
9780,0,0.028400583,LOW PRIORITY
9790,1,0.97036964,HIGH PRIORITY
9797,0,0.0014014089,LOW PRIORITY
9799,0,0.017599566,LOW PRIORITY
9805,0,0.007829131,LOW PRIORITY
9817,0,0.22092247,LOW PRIORITY
9826,1,0.94558704,HIGH PRIORITY
9829,0,0.015121565,LOW PRIORITY
9847,0,0.34673917,MEDIUM PRIORITY
9850,0,0.0047841454,LOW PRIORITY
9855,0,0.20106022,LOW PRIORITY
9860,0,0.09912505,LOW PRIORITY
9862,0,0.008071908,LOW PRIORITY
9888,0,0.08771076,LOW PRIORITY
9904,0,0.004148619,LOW PRIORITY
9905,0,0.09530702,LOW PRIORITY
9907,0,0.000910083,LOW PRIORITY
9909,1,0.056900762,LOW PRIORITY
9916,0,0.00656212,LOW PRIORITY
9923,0,0.38214198,MEDIUM PRIORITY
9925,0,0.064688765,LOW PRIORITY
9930,0,0.5258002,MEDIUM PRIORITY
9931,0,0.023147166,LOW PRIORITY
9937,0,0.0040608915,LOW PRIORITY
9938,0,0.014481419,LOW PRIORITY
9940,0,0.017081827,LOW PRIORITY
9949,0,0.022333229,LOW PRIORITY
9952,0,0.007828878,LOW PRIORITY
9955,0,0.048626803,LOW PRIORITY
9958,0,0.000812028,LOW PRIORITY
9960,0,0.00050853495,LOW PRIORITY
9964,0,0.0039488096,LOW PRIORITY
9967,0,0.28381732,LOW PRIORITY
9970,0,0.023234976,LOW PRIORITY
9971,0,0.0031103417,LOW PRIORITY
9972,0,0.020139307,LOW PRIORITY
9973,0,0.2172248,LOW PRIORITY
9974,0,0.011962547,LOW PRIORITY
9977,0,0.0040377076,LOW PRIORITY
9984,1,0.19679283,LOW PRIORITY
9986,1,0.14056516,LOW PRIORITY
9988,0,0.018411508,LOW PRIORITY
9999,0,0.3044393,MEDIUM PRIORITY
10001,0,0.04799208,LOW PRIORITY
10010,1,0.80089194,HIGH PRIORITY
10022,0,0.0017309783,LOW PRIORITY
10031,0,0.026868396,LOW PRIORITY
10032,0,0.0039465404,LOW PRIORITY
10033,0,0.003746741,LOW PRIORITY
10037,0,0.015643524,LOW PRIORITY
10057,1,0.6598687,HIGH PRIORITY
10061,0,0.045336477,LOW PRIORITY
10065,0,0.016764687,LOW PRIORITY
10067,0,0.0011938916,LOW PRIORITY
10069,0,0.0839552,LOW PRIORITY
10084,0,0.082633846,LOW PRIORITY
10089,1,0.99386406,HIGH PRIORITY
10091,0,0.011556237,LOW PRIORITY
10092,0,0.058179695,LOW PRIORITY
10095,0,0.69495606,HIGH PRIORITY
10099,0,0.0057085264,LOW PRIORITY
10102,0,0.3049344,MEDIUM PRIORITY
10104,0,0.0018820623,LOW PRIORITY
10120,0,0.0012742261,LOW PRIORITY
10127,0,0.003408994,LOW PRIORITY
10128,0,0.008277279,LOW PRIORITY
10129,0,0.100466706,LOW PRIORITY
10133,1,0.9924936,HIGH PRIORITY
10140,0,0.44531164,MEDIUM PRIORITY
10141,0,0.031615853,LOW PRIORITY
10142,0,0.018147897,LOW PRIORITY
10144,0,0.052089054,LOW PRIORITY
10146,0,0.053715307,LOW PRIORITY
10150,1,0.95569706,HIGH PRIORITY
10151,0,0.032678127,LOW PRIORITY
10156,0,0.061186027,LOW PRIORITY
10157,0,0.0013660718,LOW PRIORITY
10159,0,0.012052479,LOW PRIORITY
10160,0,0.004608682,LOW PRIORITY
10163,1,0.90315855,HIGH PRIORITY
10164,0,0.12907441,LOW PRIORITY
10172,0,0.038112037,LOW PRIORITY
10175,0,0.020703454,LOW PRIORITY
10176,1,0.946923,HIGH PRIORITY
10177,0,0.07227564,LOW PRIORITY
10196,0,0.0010415184,LOW PRIORITY
10203,0,0.0004993051,LOW PRIORITY
10207,0,0.01299862,LOW PRIORITY
10212,0,0.07431859,LOW PRIORITY
10219,0,0.017644446,LOW PRIORITY
10232,0,0.03315933,LOW PRIORITY
10236,0,0.04032797,LOW PRIORITY
10240,1,0.9815253,HIGH PRIORITY
10241,0,0.019532936,LOW PRIORITY
10242,0,0.002947488,LOW PRIORITY
10245,0,0.03016764,LOW PRIORITY
10250,0,0.062487762,LOW PRIORITY
10258,0,0.0052673216,LOW PRIORITY
10260,0,0.0073826737,LOW PRIORITY
10262,0,0.0018203831,LOW PRIORITY
10264,1,0.9325779,HIGH PRIORITY
10270,0,0.1655899,LOW PRIORITY
10277,0,0.045434125,LOW PRIORITY
10281,1,0.067631975,LOW PRIORITY
10286,0,0.07213314,LOW PRIORITY
10299,1,0.7960367,HIGH PRIORITY
10304,0,0.014806907,LOW PRIORITY
10307,0,0.0022464562,LOW PRIORITY
10311,0,0.026077392,LOW PRIORITY
10313,0,0.19249752,LOW PRIORITY
10314,1,0.967427,HIGH PRIORITY
10319,0,0.0417312,LOW PRIORITY
10323,0,0.0012311279,LOW PRIORITY
10339,0,0.013563432,LOW PRIORITY
10340,0,0.11733969,LOW PRIORITY
10341,0,0.0015643247,LOW PRIORITY
10343,0,0.1305064,LOW PRIORITY
10350,0,0.003759628,LOW PRIORITY
10352,1,0.9051036,HIGH PRIORITY
10356,0,0.03251527,LOW PRIORITY
10364,0,0.011068684,LOW PRIORITY
10377,0,0.01745694,LOW PRIORITY
10379,0,0.004890181,LOW PRIORITY
10380,0,0.02387438,LOW PRIORITY
10381,0,0.008978328,LOW PRIORITY
10383,1,0.6958865,HIGH PRIORITY
10390,0,0.006276249,LOW PRIORITY
10394,0,0.15646568,LOW PRIORITY
10395,0,0.12912796,LOW PRIORITY
10398,0,0.019327626,LOW PRIORITY
10401,0,0.003538372,LOW PRIORITY
10402,0,0.0038828128,LOW PRIORITY
10403,0,0.0068449476,LOW PRIORITY
10413,0,0.002436538,LOW PRIORITY
10420,0,0.0031781013,LOW PRIORITY
10424,0,0.340759,MEDIUM PRIORITY
10430,0,0.7453522,HIGH PRIORITY
10432,0,0.008145351,LOW PRIORITY
10446,1,0.967633,HIGH PRIORITY
10448,0,0.84591043,HIGH PRIORITY
10451,0,0.0072716186,LOW PRIORITY
10466,0,0.0010271583,LOW PRIORITY
10469,0,0.12264075,LOW PRIORITY
10470,0,0.09704008,LOW PRIORITY
10473,1,0.9602406,HIGH PRIORITY
10475,0,0.014889309,LOW PRIORITY
10476,0,0.00749814,LOW PRIORITY
10477,0,0.28583696,LOW PRIORITY
10478,1,0.84948593,HIGH PRIORITY
10479,0,0.18729231,LOW PRIORITY
10486,0,0.014362437,LOW PRIORITY
10489,1,0.93636984,HIGH PRIORITY
10490,0,0.4362274,MEDIUM PRIORITY
10492,0,5.9661004e-05,LOW PRIORITY
10500,0,0.00080042524,LOW PRIORITY
10505,0,0.0018842188,LOW PRIORITY
10507,0,0.2081297,LOW PRIORITY
10509,0,0.0144746555,LOW PRIORITY
10513,0,0.0330971,LOW PRIORITY
10521,1,0.48176345,MEDIUM PRIORITY
10524,0,0.013861516,LOW PRIORITY
10525,1,0.5718235,MEDIUM PRIORITY
10530,1,0.86299914,HIGH PRIORITY
10536,0,0.0029191691,LOW PRIORITY
10542,0,0.096981205,LOW PRIORITY
10548,0,0.023969285,LOW PRIORITY
10552,0,0.011282551,LOW PRIORITY
10556,0,0.011820337,LOW PRIORITY
10560,0,0.021420443,LOW PRIORITY
10562,0,0.019640878,LOW PRIORITY
10573,0,0.1857145,LOW PRIORITY
10581,0,0.23751433,LOW PRIORITY
10582,0,0.027948763,LOW PRIORITY
10584,0,0.00034424913,LOW PRIORITY
10590,0,0.020069491,LOW PRIORITY
10591,0,0.2206493,LOW PRIORITY
10595,0,0.012187495,LOW PRIORITY
10598,0,0.0018280753,LOW PRIORITY
10602,0,0.036389925,LOW PRIORITY
10609,0,0.014501364,LOW PRIORITY
10613,0,0.002688089,LOW PRIORITY
10617,0,0.0017771206,LOW PRIORITY
10619,1,0.9612713,HIGH PRIORITY
10623,0,0.017140387,LOW PRIORITY
10629,0,0.13229856,LOW PRIORITY
10634,0,0.0015248953,LOW PRIORITY
10637,0,0.021045828,LOW PRIORITY
10640,0,0.01577634,LOW PRIORITY
10641,0,0.1271672,LOW PRIORITY
10642,0,0.014390253,LOW PRIORITY
10643,1,0.8850619,HIGH PRIORITY
10648,0,0.021084609,LOW PRIORITY
10652,0,0.005937342,LOW PRIORITY
10659,0,0.1998248,LOW PRIORITY
10660,0,0.029309504,LOW PRIORITY
10664,0,0.18474807,LOW PRIORITY
10669,0,0.027409017,LOW PRIORITY
10673,0,0.064718686,LOW PRIORITY
10675,1,0.19791424,LOW PRIORITY
10676,1,0.57545227,MEDIUM PRIORITY
10678,0,0.0036743311,LOW PRIORITY
10680,0,0.0016775772,LOW PRIORITY
10681,0,0.008028006,LOW PRIORITY
10686,0,0.029401625,LOW PRIORITY
10691,0,0.01145035,LOW PRIORITY
10699,0,0.0066698785,LOW PRIORITY
10701,0,0.12826423,LOW PRIORITY
10702,0,0.047079757,LOW PRIORITY
10703,0,0.34409347,MEDIUM PRIORITY
10704,0,0.11515977,LOW PRIORITY
10708,0,0.004799522,LOW PRIORITY
10710,0,0.08216555,LOW PRIORITY
10711,0,0.022124892,LOW PRIORITY
10722,0,0.033679172,LOW PRIORITY
10727,0,0.024281252,LOW PRIORITY
10735,0,0.0033615222,LOW PRIORITY
10736,0,0.026159668,LOW PRIORITY
10738,0,0.013871322,LOW PRIORITY
10741,0,0.032075122,LOW PRIORITY
10742,0,0.13332981,LOW PRIORITY
10749,0,0.05391707,LOW PRIORITY
10755,0,0.0126046715,LOW PRIORITY
10757,0,0.005154087,LOW PRIORITY
10766,0,0.0031103417,LOW PRIORITY
10767,0,0.017368453,LOW PRIORITY
10770,0,0.0017429389,LOW PRIORITY
10779,0,0.13992234,LOW PRIORITY
10785,0,0.0027516072,LOW PRIORITY
10789,0,0.1428065,LOW PRIORITY
10790,0,0.030527005,LOW PRIORITY
10795,0,0.13376015,LOW PRIORITY
10796,0,0.16923267,LOW PRIORITY
10812,0,0.0010562052,LOW PRIORITY
10814,1,0.79164726,HIGH PRIORITY
10821,0,0.038906302,LOW PRIORITY
10826,0,0.014806907,LOW PRIORITY
10827,0,0.25492615,LOW PRIORITY
10832,0,0.11747157,LOW PRIORITY
10833,0,0.004372457,LOW PRIORITY
10837,1,0.35636795,MEDIUM PRIORITY
10839,0,0.0038033,LOW PRIORITY
10841,0,0.0432753,LOW PRIORITY
10846,0,0.07597673,LOW PRIORITY
10854,0,0.00051735085,LOW PRIORITY
10855,0,0.042729724,LOW PRIORITY
10856,0,0.00794249,LOW PRIORITY
10858,0,0.0031954132,LOW PRIORITY
10862,0,0.09815656,LOW PRIORITY
10868,0,0.067393176,LOW PRIORITY
10870,0,0.046713565,LOW PRIORITY
10872,0,0.26989937,LOW PRIORITY
10882,0,0.02426988,LOW PRIORITY
10888,0,0.07078254,LOW PRIORITY
10897,0,0.027510732,LOW PRIORITY
10905,1,0.9101853,HIGH PRIORITY
10906,0,0.0055059493,LOW PRIORITY
10909,0,0.6861076,HIGH PRIORITY
10913,1,0.7786335,HIGH PRIORITY
10914,0,0.06859622,LOW PRIORITY
10925,0,0.0012545928,LOW PRIORITY
10928,0,0.0053917537,LOW PRIORITY
10936,0,0.08508845,LOW PRIORITY
10949,1,0.9410077,HIGH PRIORITY
10951,0,0.01896468,LOW PRIORITY
10955,1,0.58742636,MEDIUM PRIORITY
10965,0,0.09098965,LOW PRIORITY
10967,0,0.14707783,LOW PRIORITY
10968,0,0.14837784,LOW PRIORITY
10971,1,0.5756123,MEDIUM PRIORITY
10972,0,0.14321901,LOW PRIORITY
10981,0,0.0056512738,LOW PRIORITY
10983,0,0.11065811,LOW PRIORITY
10991,0,0.18353607,LOW PRIORITY
10992,0,0.015938288,LOW PRIORITY
10995,0,0.13135928,LOW PRIORITY
11003,0,0.14920035,LOW PRIORITY
11004,0,0.0020809942,LOW PRIORITY
11007,0,0.013782941,LOW PRIORITY
11010,0,0.008819579,LOW PRIORITY
11013,0,0.0015303093,LOW PRIORITY
11025,0,0.58037376,MEDIUM PRIORITY
11030,0,0.013018021,LOW PRIORITY
11031,0,0.0026500772,LOW PRIORITY
11039,0,0.0015444829,LOW PRIORITY
11051,0,0.0015317198,LOW PRIORITY
11056,0,0.18105437,LOW PRIORITY
11071,1,0.9095098,HIGH PRIORITY
11074,0,0.036004998,LOW PRIORITY
11075,0,0.0041177105,LOW PRIORITY
11084,1,0.25637037,LOW PRIORITY
11086,0,0.010781596,LOW PRIORITY
11088,0,0.15032804,LOW PRIORITY
11091,0,0.0011525925,LOW PRIORITY
11092,0,0.0011039265,LOW PRIORITY
11096,0,0.002649805,LOW PRIORITY
11100,0,0.041311286,LOW PRIORITY
11101,0,0.09335001,LOW PRIORITY
11110,0,0.0021452021,LOW PRIORITY
11112,0,0.014793599,LOW PRIORITY
11114,0,0.018894259,LOW PRIORITY
11121,0,0.11596089,LOW PRIORITY
11133,1,0.86078084,HIGH PRIORITY
11148,0,0.0031524834,LOW PRIORITY
11166,0,0.026687296,LOW PRIORITY
11171,0,0.021142066,LOW PRIORITY
11176,0,0.013087779,LOW PRIORITY
11178,0,0.005382829,LOW PRIORITY
11181,0,0.0007270863,LOW PRIORITY
11187,0,0.19427426,LOW PRIORITY
11188,0,0.0031205602,LOW PRIORITY
11191,0,0.14406829,LOW PRIORITY
