customer_id,recency,total_purchases,total_spend,cluster,segment,response
0,66,17.0,1198.0,0,At Risk,0
1,0,18.0,577.0,2,VIP,1
9,86,11.0,120.0,3,Loyal,0
13,57,6.0,32.0,3,Loyal,0
17,81,28.0,1028.0,0,At Risk,0
20,91,8.0,183.0,3,Loyal,0
22,99,14.0,309.0,3,Loyal,0
24,96,12.0,47.0,3,Loyal,0
25,9,21.0,1115.0,2,VIP,0
35,35,10.0,210.0,1,New,1
48,97,10.0,184.0,3,Loyal,0
49,39,5.0,25.0,1,New,0
55,83,22.0,597.0,0,At Risk,0
67,6,9.0,92.0,1,New,0
73,81,4.0,18.0,3,Loyal,0
75,32,15.0,467.0,1,New,0
78,51,5.0,37.0,3,Loyal,0
87,16,7.0,57.0,1,New,0
89,49,8.0,69.0,1,New,0
92,12,11.0,89.0,1,New,0
113,33,6.0,28.0,1,New,0
115,0,17.0,393.0,1,New,0
123,92,15.0,993.0,0,At Risk,0
125,65,17.0,271.0,3,Loyal,0
143,73,13.0,957.0,0,At Risk,0
146,78,21.0,1323.0,0,At Risk,0
153,29,5.0,46.0,1,New,0
158,3,17.0,1196.0,2,VIP,1
164,59,13.0,269.0,3,Loyal,0
175,93,22.0,1443.0,0,At Risk,0
176,73,12.0,331.0,3,Loyal,0
178,40,26.0,973.0,2,VIP,0
182,62,17.0,397.0,3,Loyal,0
193,81,4.0,16.0,3,Loyal,0
194,55,5.0,41.0,3,Loyal,0
195,21,14.0,246.0,1,New,1
199,33,13.0,315.0,1,New,0
202,54,17.0,1234.0,0,At Risk,0
203,47,22.0,2089.0,2,VIP,0
213,98,10.0,48.0,3,Loyal,0
217,78,23.0,1540.0,0,At Risk,0
221,90,12.0,242.0,3,Loyal,0
231,86,7.0,32.0,3,Loyal,0
232,8,17.0,530.0,2,VIP,0
234,60,6.0,31.0,3,Loyal,1
236,62,10.0,170.0,3,Loyal,0
238,76,39.0,1082.0,0,At Risk,0
241,57,20.0,1574.0,0,At Risk,0
246,71,19.0,312.0,3,Loyal,0
247,16,19.0,357.0,2,VIP,1
252,11,17.0,601.0,2,VIP,0
254,4,18.0,473.0,2,VIP,0
255,31,6.0,21.0,1,New,0
257,74,20.0,1215.0,0,At Risk,0
263,9,8.0,145.0,1,New,1
269,71,21.0,1143.0,0,At Risk,0
271,30,15.0,258.0,1,New,0
273,48,13.0,151.0,1,New,0
274,75,7.0,34.0,3,Loyal,0
286,48,12.0,152.0,1,New,0
291,13,13.0,981.0,2,VIP,0
295,77,22.0,1157.0,0,At Risk,0
304,67,9.0,76.0,3,Loyal,0
309,48,19.0,1101.0,2,VIP,0
310,81,21.0,573.0,0,At Risk,0
313,98,22.0,2088.0,0,At Risk,0
322,93,7.0,41.0,3,Loyal,0
326,38,16.0,315.0,1,New,0
332,56,14.0,275.0,3,Loyal,0
339,82,18.0,496.0,0,At Risk,1
340,1,19.0,497.0,2,VIP,1
347,30,17.0,377.0,1,New,0
359,33,19.0,504.0,2,VIP,0
361,84,4.0,20.0,3,Loyal,0
367,74,20.0,577.0,0,At Risk,0
368,61,14.0,290.0,3,Loyal,0
375,79,16.0,1156.0,0,At Risk,0
378,68,21.0,794.0,0,At Risk,0
380,17,29.0,1804.0,2,VIP,1
387,59,6.0,61.0,3,Loyal,0
405,68,17.0,441.0,3,Loyal,0
425,66,22.0,727.0,0,At Risk,0
433,42,23.0,632.0,2,VIP,0
437,41,23.0,1027.0,2,VIP,0
448,57,21.0,795.0,0,At Risk,0
450,90,12.0,270.0,3,Loyal,0
451,91,5.0,22.0,3,Loyal,0
453,1,7.0,45.0,1,New,0
454,48,28.0,1135.0,2,VIP,0
455,86,10.0,209.0,3,Loyal,0
456,96,7.0,36.0,3,Loyal,0
460,72,17.0,1753.0,0,At Risk,0
466,9,21.0,746.0,2,VIP,0
477,31,22.0,2157.0,2,VIP,1
486,27,18.0,1198.0,2,VIP,0
492,3,19.0,424.0,2,VIP,0
498,28,7.0,57.0,1,New,0
500,79,24.0,1941.0,0,At Risk,1
503,88,7.0,53.0,3,Loyal,0
520,81,4.0,30.0,3,Loyal,0
521,42,18.0,581.0,2,VIP,0
523,51,7.0,74.0,3,Loyal,0
524,47,6.0,96.0,1,New,0
528,99,20.0,1383.0,0,At Risk,0
531,55,33.0,1662.0,0,At Risk,1
535,18,27.0,778.0,2,VIP,0
538,78,7.0,125.0,3,Loyal,0
544,51,14.0,976.0,0,At Risk,0
550,87,21.0,708.0,0,At Risk,0
564,81,30.0,906.0,0,At Risk,1
569,32,19.0,1991.0,2,VIP,1
574,96,7.0,125.0,3,Loyal,0
577,10,6.0,22.0,1,New,0
590,35,16.0,1812.0,2,VIP,1
591,76,20.0,677.0,0,At Risk,0
606,87,4.0,15.0,3,Loyal,0
607,31,22.0,521.0,2,VIP,0
610,60,23.0,480.0,0,At Risk,0
615,29,11.0,343.0,1,New,0
618,17,22.0,797.0,2,VIP,0
624,5,4.0,35.0,1,New,1
626,28,5.0,43.0,1,New,0
635,51,25.0,610.0,0,At Risk,0
640,61,25.0,1026.0,0,At Risk,0
641,77,7.0,119.0,3,Loyal,0
642,69,8.0,103.0,3,Loyal,0
663,46,6.0,71.0,1,New,0
675,67,16.0,332.0,3,Loyal,0
679,49,6.0,38.0,1,New,0
692,88,4.0,16.0,3,Loyal,0
697,78,21.0,2047.0,0,At Risk,0
701,58,18.0,1179.0,0,At Risk,0
702,80,19.0,521.0,0,At Risk,0
709,27,18.0,1103.0,2,VIP,0
713,72,15.0,442.0,3,Loyal,0
716,63,27.0,976.0,0,At Risk,0
736,67,7.0,52.0,3,Loyal,0
737,56,15.0,2231.0,0,At Risk,0
738,35,12.0,182.0,1,New,0
749,31,9.0,145.0,1,New,1
760,8,23.0,811.0,2,VIP,0
762,27,21.0,823.0,2,VIP,0
771,79,10.0,194.0,3,Loyal,0
773,64,23.0,595.0,0,At Risk,0
793,24,6.0,45.0,1,New,0
796,17,26.0,1071.0,2,VIP,0
798,71,5.0,27.0,3,Loyal,0
800,57,6.0,32.0,3,Loyal,0
803,82,4.0,21.0,3,Loyal,0
807,35,17.0,292.0,1,New,0
810,49,19.0,641.0,0,At Risk,0
819,84,25.0,1103.0,0,At Risk,0
821,46,22.0,2077.0,2,VIP,0
830,5,15.0,1658.0,2,VIP,1
832,90,23.0,747.0,0,At Risk,0
833,62,9.0,72.0,3,Loyal,0
837,0,12.0,174.0,1,New,0
839,54,9.0,170.0,3,Loyal,0
843,47,25.0,805.0,2,VIP,0
849,65,22.0,660.0,0,At Risk,0
850,4,22.0,757.0,2,VIP,0
851,48,26.0,642.0,2,VIP,0
868,99,6.0,65.0,3,Loyal,0
873,3,28.0,1178.0,2,VIP,1
879,66,21.0,458.0,0,At Risk,0
880,47,6.0,96.0,1,New,0
891,60,4.0,11.0,3,Loyal,0
895,69,20.0,594.0,0,At Risk,0
898,39,10.0,147.0,1,New,0
902,74,13.0,312.0,3,Loyal,0
905,38,11.0,84.0,1,New,0
907,36,18.0,362.0,1,New,0
916,67,6.0,31.0,3,Loyal,0
922,79,6.0,48.0,3,Loyal,0
933,31,4.0,25.0,1,New,0
938,30,7.0,87.0,1,New,0
940,9,14.0,311.0,1,New,0
942,36,14.0,299.0,1,New,1
944,6,14.0,393.0,1,New,0
945,53,9.0,133.0,3,Loyal,0
946,92,11.0,210.0,3,Loyal,0
948,32,8.0,41.0,1,New,0
954,77,7.0,102.0,3,Loyal,0
955,81,17.0,240.0,3,Loyal,1
961,92,17.0,860.0,0,At Risk,0
965,34,21.0,590.0,2,VIP,0
966,98,25.0,691.0,0,At Risk,0
967,11,26.0,515.0,2,VIP,1
968,24,12.0,187.0,1,New,0
975,25,15.0,264.0,1,New,0
977,10,20.0,414.0,2,VIP,0
979,11,8.0,112.0,1,New,0
983,82,12.0,414.0,3,Loyal,0
988,84,18.0,1193.0,0,At Risk,0
999,95,25.0,730.0,0,At Risk,1
1000,48,27.0,964.0,2,VIP,0
1008,31,24.0,1021.0,2,VIP,0
1010,94,7.0,78.0,3,Loyal,0
1012,26,24.0,884.0,2,VIP,0
1016,43,7.0,55.0,1,New,0
1020,70,19.0,1366.0,0,At Risk,0
1029,27,12.0,279.0,1,New,0
1030,72,6.0,38.0,3,Loyal,0
1031,5,26.0,1062.0,2,VIP,0
1041,3,19.0,424.0,2,VIP,1
1044,44,20.0,596.0,2,VIP,0
1045,55,13.0,279.0,3,Loyal,0
1048,11,10.0,178.0,1,New,1
1050,58,8.0,65.0,3,Loyal,0
1052,24,27.0,1001.0,2,VIP,0
1055,40,5.0,45.0,1,New,0
1064,18,5.0,42.0,1,New,0
1065,85,19.0,1918.0,0,At Risk,0
1071,10,26.0,1034.0,2,VIP,0
1072,64,8.0,93.0,3,Loyal,0
1077,52,15.0,1020.0,0,At Risk,0
1079,59,19.0,1086.0,0,At Risk,0
1081,26,25.0,1019.0,2,VIP,0
1087,30,10.0,173.0,1,New,1
1092,17,20.0,1147.0,2,VIP,0
1100,33,11.0,61.0,1,New,0
1103,60,20.0,2053.0,0,At Risk,1
1109,38,4.0,12.0,1,New,0
1118,87,22.0,685.0,0,At Risk,0
1127,62,20.0,1958.0,0,At Risk,0
1131,54,7.0,95.0,3,Loyal,0
1135,96,12.0,47.0,3,Loyal,0
1137,87,17.0,1379.0,0,At Risk,0
1139,56,22.0,1512.0,0,At Risk,1
1142,91,16.0,428.0,3,Loyal,0
1143,43,7.0,55.0,1,New,0
1146,5,26.0,874.0,2,VIP,1
1150,36,15.0,1853.0,2,VIP,0
1158,27,8.0,144.0,1,New,0
1160,48,10.0,49.0,1,New,0
1162,23,20.0,653.0,2,VIP,1
1165,62,24.0,496.0,0,At Risk,0
1168,62,21.0,1401.0,0,At Risk,0
1170,45,14.0,244.0,1,New,0
1172,71,25.0,2034.0,0,At Risk,1
1173,73,13.0,2252.0,0,At Risk,1
1175,24,12.0,426.0,1,New,1
1176,50,4.0,25.0,1,New,0
1177,77,11.0,129.0,3,Loyal,0
1183,11,4.0,22.0,1,New,0
1184,46,25.0,845.0,2,VIP,0
1204,45,30.0,1829.0,2,VIP,0
1212,7,25.0,936.0,2,VIP,0
1215,49,23.0,1572.0,0,At Risk,0
1225,47,19.0,1495.0,2,VIP,0
1232,54,17.0,1244.0,0,At Risk,0
1241,1,6.0,51.0,1,New,1
1245,45,23.0,1371.0,2,VIP,0
1250,82,7.0,84.0,3,Loyal,0
1272,49,26.0,903.0,2,VIP,0
1277,29,28.0,1004.0,2,VIP,0
1291,90,16.0,351.0,3,Loyal,0
1295,96,19.0,725.0,0,At Risk,0
1307,15,10.0,63.0,1,New,0
1321,49,9.0,56.0,1,New,0
1324,93,8.0,91.0,3,Loyal,0
1328,56,20.0,683.0,0,At Risk,0
1331,54,7.0,72.0,3,Loyal,0
1340,42,27.0,1795.0,2,VIP,0
1343,55,22.0,586.0,0,At Risk,0
1349,4,8.0,148.0,1,New,0
1351,25,32.0,1220.0,2,VIP,0
1357,90,19.0,1562.0,0,At Risk,0
1361,26,16.0,1435.0,2,VIP,1
1362,75,14.0,449.0,3,Loyal,0
1371,72,16.0,984.0,0,At Risk,0
1377,24,12.0,285.0,1,New,0
1378,24,23.0,694.0,2,VIP,0
1379,12,11.0,241.0,1,New,0
1381,20,17.0,324.0,1,New,1
1384,10,7.0,62.0,1,New,0
1386,0,4.0,11.0,1,New,0
1388,11,8.0,112.0,1,New,0
1399,52,20.0,1515.0,0,At Risk,0
1402,1,21.0,1253.0,2,VIP,0
1403,40,6.0,38.0,1,New,0
1404,89,13.0,231.0,3,Loyal,0
1406,49,22.0,415.0,2,VIP,0
1407,5,7.0,57.0,1,New,0
1409,69,20.0,444.0,0,At Risk,0
1411,58,16.0,940.0,0,At Risk,0
1419,11,9.0,76.0,1,New,0
1440,84,25.0,1149.0,0,At Risk,0
1446,12,28.0,1226.0,2,VIP,0
1448,33,9.0,51.0,1,New,0
1453,59,27.0,1060.0,0,At Risk,0
1456,25,31.0,1180.0,2,VIP,0
1458,40,9.0,44.0,1,New,0
1459,16,14.0,928.0,2,VIP,0
1461,74,7.0,38.0,3,Loyal,0
1463,9,4.0,21.0,1,New,0
1473,0,7.0,72.0,1,New,0
1490,84,26.0,854.0,0,At Risk,0
1491,87,16.0,559.0,3,Loyal,0
1497,8,16.0,407.0,1,New,0
1501,21,44.0,1717.0,2,VIP,0
1502,67,7.0,52.0,3,Loyal,0
1503,31,1.0,107.0,1,New,0
1506,26,11.0,140.0,1,New,1
1509,80,22.0,523.0,0,At Risk,1
1513,72,29.0,1250.0,0,At Risk,0
1515,9,5.0,28.0,1,New,0
1517,92,5.0,51.0,3,Loyal,0
1518,29,24.0,749.0,2,VIP,0
1519,2,9.0,73.0,1,New,1
1523,25,8.0,96.0,1,New,0
1524,1,16.0,1104.0,2,VIP,1
1542,26,20.0,396.0,2,VIP,0
1544,51,17.0,1893.0,0,At Risk,0
1545,95,20.0,443.0,0,At Risk,0
1553,71,23.0,2283.0,0,At Risk,0
1570,8,26.0,1039.0,2,VIP,0
1577,14,15.0,1736.0,2,VIP,1
1581,18,4.0,17.0,1,New,1
1584,79,20.0,482.0,0,At Risk,0
1592,25,15.0,1724.0,2,VIP,0
1600,60,21.0,411.0,0,At Risk,0
1604,93,13.0,225.0,3,Loyal,0
1606,65,4.0,22.0,3,Loyal,0
1612,82,8.0,47.0,3,Loyal,0
1618,9,21.0,692.0,2,VIP,1
1619,2,17.0,1588.0,2,VIP,1
1626,37,6.0,49.0,1,New,1
1627,84,22.0,789.0,0,At Risk,0
1628,54,17.0,960.0,0,At Risk,0
1630,56,15.0,424.0,3,Loyal,0
1631,3,23.0,1282.0,2,VIP,1
1640,49,8.0,108.0,1,New,0
1646,36,7.0,46.0,1,New,0
1650,13,27.0,1643.0,2,VIP,0
1655,81,5.0,48.0,3,Loyal,0
1663,97,5.0,49.0,3,Loyal,0
1665,71,18.0,1750.0,0,At Risk,1
1672,74,15.0,461.0,3,Loyal,0
1676,30,15.0,266.0,1,New,0
1685,21,23.0,1482.0,2,VIP,0
1710,51,18.0,279.0,3,Loyal,0
1715,45,7.0,48.0,1,New,0
1717,43,13.0,273.0,1,New,0
1726,23,5.0,81.0,1,New,1
1729,14,20.0,1377.0,2,VIP,0
1734,37,11.0,81.0,1,New,0
1740,22,16.0,999.0,2,VIP,0
1743,99,11.0,801.0,3,Loyal,0
1744,67,5.0,54.0,3,Loyal,0
1745,88,20.0,1313.0,0,At Risk,1
1755,93,7.0,114.0,3,Loyal,0
1763,62,29.0,2524.0,0,At Risk,1
1764,92,15.0,270.0,3,Loyal,0
1772,2,19.0,2043.0,2,VIP,1
1773,38,6.0,57.0,1,New,0
1777,29,6.0,74.0,1,New,0
1802,23,21.0,680.0,2,VIP,0
1818,23,5.0,38.0,1,New,0
1826,0,15.0,1190.0,2,VIP,1
1829,55,21.0,1232.0,0,At Risk,1
1833,91,9.0,133.0,3,Loyal,0
1834,77,6.0,67.0,3,Loyal,0
1839,25,8.0,141.0,1,New,0
1857,2,7.0,83.0,1,New,1
1859,34,19.0,1890.0,2,VIP,1
1867,42,19.0,1336.0,2,VIP,1
1876,15,6.0,85.0,1,New,0
1878,83,6.0,37.0,3,Loyal,0
1880,17,8.0,93.0,1,New,0
1890,95,4.0,25.0,3,Loyal,0
1891,12,16.0,1754.0,2,VIP,1
1907,53,26.0,1477.0,0,At Risk,1
1911,6,29.0,1364.0,2,VIP,0
1915,57,20.0,1507.0,0,At Risk,0
1916,92,19.0,437.0,0,At Risk,0
1920,59,8.0,102.0,3,Loyal,0
1921,74,7.0,71.0,3,Loyal,0
1927,41,17.0,690.0,2,VIP,0
1928,73,7.0,83.0,3,Loyal,0
1940,26,4.0,18.0,1,New,0
1945,4,21.0,1400.0,2,VIP,0
1951,92,27.0,839.0,0,At Risk,0
1958,85,25.0,660.0,0,At Risk,0
1964,66,18.0,1603.0,0,At Risk,0
1966,96,26.0,1672.0,0,At Risk,0
1968,37,4.0,28.0,1,New,0
1970,14,7.0,103.0,1,New,0
1987,34,7.0,59.0,1,New,0
1990,74,17.0,1797.0,0,At Risk,0
1991,0,7.0,96.0,1,New,0
1992,2,16.0,893.0,2,VIP,1
1993,63,17.0,972.0,0,At Risk,0
1994,11,4.0,19.0,1,New,0
1998,82,7.0,84.0,3,Loyal,0
2002,81,17.0,1870.0,0,At Risk,0
2004,65,17.0,1168.0,0,At Risk,0
2005,86,8.0,75.0,3,Loyal,0
2008,93,19.0,1149.0,0,At Risk,0
2021,47,33.0,1388.0,2,VIP,0
2036,29,17.0,401.0,1,New,0
2055,37,6.0,49.0,1,New,0
2061,61,7.0,99.0,3,Loyal,0
2066,56,7.0,114.0,3,Loyal,0
2072,34,21.0,1064.0,2,VIP,1
2075,56,16.0,1047.0,0,At Risk,0
2079,0,22.0,1208.0,2,VIP,0
2088,98,24.0,1631.0,0,At Risk,0
2098,38,4.0,17.0,1,New,0
2106,99,5.0,34.0,3,Loyal,0
2109,60,28.0,1544.0,0,At Risk,1
2114,23,26.0,1315.0,2,VIP,1
2115,68,7.0,66.0,3,Loyal,0
2118,68,20.0,622.0,0,At Risk,0
2125,82,16.0,1102.0,0,At Risk,0
2130,4,8.0,147.0,1,New,1
2131,37,23.0,1307.0,2,VIP,0
2134,94,22.0,694.0,0,At Risk,0
2139,19,8.0,31.0,1,New,0
2147,91,23.0,2279.0,0,At Risk,0
2150,83,22.0,1482.0,0,At Risk,0
2154,33,8.0,44.0,1,New,0
2156,38,10.0,41.0,1,New,0
2157,49,10.0,77.0,1,New,0
2162,19,18.0,561.0,2,VIP,0
2166,55,4.0,23.0,3,Loyal,0
2173,23,5.0,32.0,1,New,0
2174,38,6.0,27.0,1,New,0
2176,40,16.0,1690.0,2,VIP,1
2181,45,14.0,1280.0,2,VIP,0
2186,30,22.0,2257.0,2,VIP,1
2202,98,6.0,69.0,3,Loyal,0
2217,46,4.0,23.0,1,New,0
2223,52,33.0,1826.0,0,At Risk,0
2225,54,21.0,1617.0,0,At Risk,1
2227,92,11.0,210.0,3,Loyal,0
2230,84,10.0,43.0,3,Loyal,0
2245,50,10.0,139.0,3,Loyal,0
2246,91,8.0,183.0,3,Loyal,0
2253,15,6.0,85.0,1,New,0
2254,95,21.0,1455.0,0,At Risk,0
2256,33,6.0,21.0,1,New,0
2258,76,5.0,42.0,3,Loyal,0
2261,5,4.0,16.0,1,New,0
2262,74,15.0,311.0,3,Loyal,0
2276,71,27.0,868.0,0,At Risk,0
2278,86,8.0,133.0,3,Loyal,0
2281,34,4.0,28.0,1,New,0
2285,0,15.0,335.0,1,New,0
2286,27,8.0,114.0,1,New,0
2292,94,5.0,24.0,3,Loyal,0
2295,57,22.0,825.0,0,At Risk,0
2296,4,4.0,30.0,1,New,0
2304,86,23.0,770.0,0,At Risk,0
2308,40,14.0,330.0,1,New,0
2315,55,6.0,96.0,3,Loyal,0
2320,98,23.0,635.0,0,At Risk,0
2324,12,31.0,1065.0,2,VIP,0
2326,15,6.0,85.0,1,New,0
2337,77,9.0,39.0,3,Loyal,0
2345,54,17.0,1244.0,0,At Risk,0
2350,87,20.0,1027.0,0,At Risk,0
2371,22,9.0,81.0,1,New,0
2375,75,4.0,22.0,3,Loyal,0
2379,31,14.0,1635.0,2,VIP,1
2387,9,17.0,275.0,1,New,1
2392,59,8.0,102.0,3,Loyal,0
2404,4,14.0,257.0,1,New,0
2406,63,19.0,519.0,0,At Risk,0
2407,10,20.0,1555.0,2,VIP,1
2408,20,32.0,733.0,2,VIP,0
2410,69,16.0,1097.0,0,At Risk,0
2415,99,16.0,953.0,0,At Risk,0
2416,83,20.0,1288.0,0,At Risk,0
2426,35,29.0,895.0,2,VIP,1
2428,23,9.0,78.0,1,New,0
2429,4,20.0,1338.0,2,VIP,0
2431,70,6.0,67.0,3,Loyal,0
2437,69,24.0,1611.0,0,At Risk,0
2445,87,6.0,63.0,3,Loyal,0
2447,71,7.0,69.0,3,Loyal,0
2452,8,17.0,318.0,1,New,1
2453,83,23.0,819.0,0,At Risk,0
2456,84,13.0,149.0,3,Loyal,0
2457,23,6.0,45.0,1,New,0
2461,79,6.0,43.0,3,Loyal,0
2471,39,12.0,299.0,1,New,0
2478,48,6.0,38.0,1,New,0
2488,80,10.0,64.0,3,Loyal,0
2493,34,18.0,608.0,2,VIP,0
2495,24,22.0,816.0,2,VIP,0
2499,38,18.0,563.0,2,VIP,0
2516,84,7.0,78.0,3,Loyal,0
2518,16,4.0,30.0,1,New,0
2521,10,5.0,59.0,1,New,1
2525,65,18.0,534.0,0,At Risk,1
2532,95,13.0,1651.0,0,At Risk,0
2534,4,10.0,188.0,1,New,0
2535,24,20.0,844.0,2,VIP,1
2541,7,7.0,48.0,1,New,0
2544,68,7.0,92.0,3,Loyal,0
2546,7,6.0,70.0,1,New,0
2549,80,5.0,27.0,3,Loyal,0
2552,11,24.0,446.0,2,VIP,1
2557,52,5.0,29.0,3,Loyal,0
2561,45,23.0,1371.0,2,VIP,0
2563,80,6.0,43.0,3,Loyal,0
2564,87,10.0,165.0,3,Loyal,0
2565,69,20.0,1334.0,0,At Risk,0
2569,38,5.0,46.0,1,New,0
2570,35,25.0,815.0,2,VIP,1
2574,27,21.0,1230.0,2,VIP,1
2579,95,26.0,835.0,0,At Risk,0
2587,21,7.0,20.0,1,New,0
2589,65,8.0,59.0,3,Loyal,0
2591,49,15.0,932.0,0,At Risk,0
2607,78,24.0,630.0,0,At Risk,0
2611,66,19.0,1910.0,0,At Risk,0
2612,33,25.0,1682.0,2,VIP,0
2613,16,12.0,237.0,1,New,0
2620,48,4.0,23.0,1,New,1
2625,30,14.0,350.0,1,New,0
2631,29,17.0,1149.0,2,VIP,0
2632,10,20.0,500.0,2,VIP,1
2634,10,9.0,69.0,1,New,1
2639,45,9.0,68.0,1,New,0
2656,63,5.0,59.0,3,Loyal,0
2661,95,10.0,44.0,3,Loyal,0
2666,21,23.0,907.0,2,VIP,0
2669,66,16.0,1127.0,0,At Risk,0
2674,79,16.0,1143.0,0,At Risk,1
2677,11,15.0,241.0,1,New,0
2678,62,11.0,209.0,3,Loyal,0
2681,1,19.0,461.0,2,VIP,0
2683,56,26.0,910.0,0,At Risk,0
2686,49,4.0,26.0,1,New,0
2694,44,5.0,24.0,1,New,0
2698,52,17.0,415.0,3,Loyal,0
2711,6,5.0,31.0,1,New,0
2712,85,20.0,715.0,0,At Risk,0
2715,11,11.0,180.0,1,New,1
2724,33,4.0,19.0,1,New,0
2727,19,13.0,409.0,1,New,0
2730,64,18.0,1231.0,0,At Risk,0
2736,88,23.0,849.0,0,At Risk,0
2740,81,11.0,90.0,3,Loyal,0
2747,90,20.0,2126.0,0,At Risk,0
2781,55,17.0,1792.0,0,At Risk,1
2782,23,17.0,404.0,1,New,0
2793,10,26.0,1034.0,2,VIP,0
2795,0,4.0,13.0,1,New,0
2797,34,26.0,1073.0,2,VIP,0
2798,54,26.0,1240.0,0,At Risk,1
2802,61,18.0,961.0,0,At Risk,0
2804,86,11.0,120.0,3,Loyal,1
2807,24,27.0,1001.0,2,VIP,0
2811,21,7.0,62.0,1,New,0
2814,6,5.0,31.0,1,New,0
2815,46,9.0,120.0,1,New,0
2826,28,7.0,37.0,1,New,0
2829,25,22.0,731.0,2,VIP,0
2831,99,26.0,1179.0,0,At Risk,0
2836,61,4.0,19.0,3,Loyal,0
2849,25,31.0,1180.0,2,VIP,0
2853,74,12.0,275.0,3,Loyal,0
2861,79,4.0,23.0,3,Loyal,0
2863,67,21.0,1052.0,0,At Risk,0
2868,33,8.0,57.0,1,New,1
2870,6,20.0,502.0,2,VIP,0
2874,20,5.0,32.0,1,New,0
2875,93,24.0,906.0,0,At Risk,0
2877,21,26.0,541.0,2,VIP,0
2878,93,15.0,414.0,3,Loyal,0
2882,31,16.0,995.0,2,VIP,0
2886,70,32.0,1217.0,0,At Risk,0
2891,51,23.0,928.0,0,At Risk,0
2894,74,21.0,2013.0,0,At Risk,1
2895,79,11.0,195.0,3,Loyal,0
2902,87,5.0,45.0,3,Loyal,0
2909,89,20.0,1264.0,0,At Risk,0
2918,72,9.0,91.0,3,Loyal,0
2920,63,16.0,990.0,0,At Risk,0
2926,62,23.0,1374.0,0,At Risk,0
2928,63,16.0,990.0,0,At Risk,0
2929,27,8.0,137.0,1,New,0
2930,7,20.0,1281.0,2,VIP,0
2931,95,22.0,1192.0,0,At Risk,0
2936,46,5.0,23.0,1,New,0
2937,47,25.0,871.0,2,VIP,0
2939,96,15.0,1631.0,0,At Risk,0
2942,20,15.0,486.0,1,New,0
2945,25,5.0,46.0,1,New,0
2948,76,10.0,185.0,3,Loyal,0
2952,80,8.0,76.0,3,Loyal,0
2958,53,10.0,57.0,3,Loyal,0
2961,86,15.0,382.0,3,Loyal,0
2963,56,21.0,1440.0,0,At Risk,0
2964,0,5.0,72.0,1,New,0
2968,53,24.0,902.0,0,At Risk,1
2975,89,24.0,1956.0,0,At Risk,0
2980,52,10.0,35.0,3,Loyal,0
2986,89,4.0,20.0,3,Loyal,0
2995,64,17.0,1084.0,0,At Risk,0
3005,7,23.0,1650.0,2,VIP,1
3006,83,5.0,43.0,3,Loyal,0
3007,49,6.0,40.0,1,New,0
3009,8,15.0,1766.0,2,VIP,1
3010,87,20.0,2069.0,0,At Risk,0
3011,23,11.0,227.0,1,New,0
3025,4,15.0,306.0,1,New,0
3032,97,11.0,193.0,3,Loyal,0
3033,56,11.0,318.0,3,Loyal,0
3037,32,16.0,410.0,1,New,0
3050,13,16.0,235.0,1,New,0
3056,63,29.0,1150.0,0,At Risk,0
3066,2,12.0,231.0,1,New,0
3068,1,6.0,43.0,1,New,0
3074,66,18.0,1828.0,0,At Risk,1
3075,47,15.0,382.0,1,New,0
3076,18,22.0,612.0,2,VIP,0
3081,65,4.0,20.0,3,Loyal,0
3083,88,18.0,373.0,3,Loyal,0
3091,27,21.0,823.0,2,VIP,0
3099,48,16.0,310.0,1,New,0
3102,32,5.0,32.0,1,New,0
3104,89,21.0,2006.0,0,At Risk,1
3107,31,13.0,350.0,1,New,0
3112,2,5.0,24.0,1,New,0
3117,95,15.0,450.0,3,Loyal,0
3120,49,4.0,22.0,1,New,0
3129,30,6.0,45.0,1,New,0
3130,95,10.0,44.0,3,Loyal,0
3136,88,22.0,663.0,0,At Risk,0
3138,84,22.0,1676.0,0,At Risk,1
3139,53,19.0,2052.0,0,At Risk,0
3152,84,9.0,89.0,3,Loyal,0
3153,24,4.0,17.0,1,New,0
3158,1,5.0,39.0,1,New,0
3170,86,15.0,1042.0,0,At Risk,0
3174,61,20.0,1957.0,0,At Risk,1
3179,75,19.0,1572.0,0,At Risk,0
3182,81,15.0,263.0,3,Loyal,1
3194,86,19.0,1230.0,0,At Risk,0
3197,38,20.0,670.0,2,VIP,0
3202,60,19.0,1250.0,0,At Risk,0
3220,30,9.0,156.0,1,New,0
3225,71,14.0,265.0,3,Loyal,1
3231,97,5.0,30.0,3,Loyal,0
3233,89,29.0,1117.0,0,At Risk,0
3254,65,14.0,960.0,0,At Risk,0
3262,31,25.0,1655.0,2,VIP,1
3265,36,5.0,46.0,1,New,0
3266,96,7.0,125.0,3,Loyal,0
3267,27,20.0,608.0,2,VIP,0
3270,96,11.0,128.0,3,Loyal,0
3276,53,7.0,78.0,3,Loyal,0
3277,9,15.0,365.0,1,New,0
3281,69,19.0,411.0,0,At Risk,0
3283,57,22.0,909.0,0,At Risk,0
3286,71,7.0,42.0,3,Loyal,0
3298,92,31.0,1152.0,0,At Risk,0
3308,54,9.0,94.0,3,Loyal,0
3310,94,16.0,211.0,3,Loyal,0
3312,12,11.0,89.0,1,New,0
3321,42,20.0,542.0,2,VIP,0
3332,87,12.0,165.0,3,Loyal,0
3334,35,21.0,2211.0,2,VIP,0
3336,96,14.0,948.0,0,At Risk,0
3340,56,20.0,436.0,0,At Risk,1
3363,99,5.0,34.0,3,Loyal,0
3376,9,11.0,235.0,1,New,0
3381,51,8.0,90.0,3,Loyal,0
3386,71,8.0,137.0,3,Loyal,0
3388,16,17.0,294.0,1,New,0
3389,61,34.0,1533.0,0,At Risk,0
3403,11,21.0,2092.0,2,VIP,0
3406,97,16.0,322.0,3,Loyal,0
3409,68,15.0,339.0,3,Loyal,0
3412,67,17.0,957.0,0,At Risk,0
3421,64,22.0,908.0,0,At Risk,0
3422,67,10.0,1376.0,0,At Risk,0
3426,89,26.0,1596.0,0,At Risk,0
3427,11,26.0,734.0,2,VIP,0
3428,56,24.0,1598.0,0,At Risk,0
3433,54,21.0,981.0,0,At Risk,0
3434,60,19.0,1336.0,0,At Risk,0
3436,24,5.0,20.0,1,New,0
3439,64,15.0,296.0,3,Loyal,0
3445,56,23.0,957.0,0,At Risk,1
3463,41,27.0,904.0,2,VIP,0
3469,94,9.0,103.0,3,Loyal,0
3478,17,30.0,736.0,2,VIP,1
3479,49,6.0,50.0,1,New,0
3483,76,25.0,1526.0,0,At Risk,1
3491,32,29.0,1260.0,2,VIP,0
3498,6,25.0,877.0,2,VIP,1
3503,78,15.0,974.0,0,At Risk,0
3507,44,14.0,1575.0,2,VIP,1
3515,94,9.0,160.0,3,Loyal,0
3517,32,10.0,161.0,1,New,1
3518,45,5.0,50.0,1,New,0
3520,94,14.0,1092.0,0,At Risk,1
3523,83,19.0,1073.0,0,At Risk,0
3524,9,10.0,167.0,1,New,1
3525,19,4.0,17.0,1,New,0
3526,58,6.0,38.0,3,Loyal,0
3535,68,13.0,967.0,0,At Risk,0
3536,65,7.0,55.0,3,Loyal,0
3537,57,10.0,79.0,3,Loyal,0
3547,12,7.0,64.0,1,New,1
3551,28,10.0,198.0,1,New,0
3559,77,9.0,57.0,3,Loyal,0
3560,57,20.0,1574.0,0,At Risk,0
3565,62,9.0,72.0,3,Loyal,0
3570,64,13.0,244.0,3,Loyal,0
3571,48,19.0,1101.0,2,VIP,1
3578,29,12.0,236.0,1,New,0
3584,35,22.0,1396.0,2,VIP,1
3594,74,32.0,747.0,0,At Risk,0
3595,29,28.0,1138.0,2,VIP,0
3598,53,22.0,606.0,0,At Risk,0
3599,61,23.0,1464.0,0,At Risk,0
3602,42,11.0,195.0,1,New,0
3619,19,17.0,1152.0,2,VIP,1
3623,55,10.0,45.0,3,Loyal,0
3628,93,7.0,80.0,3,Loyal,0
3629,17,9.0,145.0,1,New,0
3635,69,20.0,578.0,0,At Risk,0
3641,93,7.0,36.0,3,Loyal,0
3643,65,14.0,928.0,0,At Risk,0
3645,19,9.0,70.0,1,New,1
3657,1,11.0,165.0,1,New,0
3661,42,19.0,1435.0,2,VIP,0
3665,46,9.0,54.0,1,New,0
3667,20,25.0,1757.0,2,VIP,1
3673,59,26.0,779.0,0,At Risk,0
3678,13,29.0,656.0,2,VIP,1
3690,20,22.0,2091.0,2,VIP,1
3696,67,7.0,52.0,3,Loyal,0
3697,20,9.0,134.0,1,New,0
3698,13,19.0,2130.0,2,VIP,1
3706,54,7.0,94.0,3,Loyal,1
3710,41,7.0,81.0,1,New,1
3711,19,20.0,1902.0,2,VIP,0
3712,63,12.0,259.0,3,Loyal,0
3717,70,18.0,704.0,0,At Risk,0
3722,83,7.0,48.0,3,Loyal,0
3725,1,16.0,1688.0,2,VIP,1
3726,66,4.0,17.0,3,Loyal,0
3732,72,27.0,860.0,0,At Risk,0
3745,92,8.0,103.0,3,Loyal,0
3749,54,24.0,1580.0,0,At Risk,0
3759,34,26.0,1155.0,2,VIP,0
3762,30,17.0,925.0,2,VIP,1
3766,15,21.0,835.0,2,VIP,1
3767,1,24.0,1008.0,2,VIP,0
3769,17,5.0,42.0,1,New,0
3783,43,9.0,116.0,1,New,0
3790,31,4.0,15.0,1,New,0
3798,80,9.0,81.0,3,Loyal,0
3799,4,23.0,868.0,2,VIP,0
3807,83,23.0,766.0,0,At Risk,0
3828,61,28.0,1327.0,0,At Risk,0
3829,94,5.0,29.0,3,Loyal,0
3830,59,16.0,459.0,3,Loyal,0
3834,35,23.0,861.0,2,VIP,0
3839,76,12.0,88.0,3,Loyal,0
3846,98,15.0,270.0,3,Loyal,0
3850,52,5.0,43.0,3,Loyal,0
3852,48,27.0,964.0,2,VIP,0
3855,74,8.0,162.0,3,Loyal,0
3856,78,26.0,1005.0,0,At Risk,0
3859,36,26.0,1095.0,2,VIP,0
3865,14,7.0,73.0,1,New,1
3867,36,26.0,1095.0,2,VIP,0
3870,28,24.0,1006.0,2,VIP,0
3878,3,5.0,48.0,1,New,0
3885,10,5.0,63.0,1,New,1
3887,2,7.0,106.0,1,New,1
3896,3,5.0,37.0,1,New,0
3900,54,21.0,769.0,0,At Risk,0
3910,78,17.0,1862.0,0,At Risk,1
3916,92,25.0,890.0,0,At Risk,0
3919,64,20.0,1931.0,0,At Risk,1
3921,96,10.0,205.0,3,Loyal,0
3924,34,28.0,916.0,2,VIP,0
3933,46,24.0,662.0,2,VIP,0
3934,34,18.0,608.0,2,VIP,0
3945,80,25.0,930.0,0,At Risk,1
3955,20,0.0,6.0,1,New,0
3967,19,24.0,943.0,2,VIP,0
3968,77,27.0,1199.0,0,At Risk,1
3969,46,7.0,133.0,1,New,0
3972,70,19.0,401.0,0,At Risk,0
3979,98,17.0,1779.0,0,At Risk,1
4001,56,22.0,444.0,0,At Risk,0
4002,3,27.0,1123.0,2,VIP,0
4012,55,23.0,1226.0,0,At Risk,1
4023,29,10.0,115.0,1,New,1
4037,77,4.0,20.0,3,Loyal,0
4042,87,11.0,180.0,3,Loyal,1
4047,0,20.0,544.0,2,VIP,0
4050,65,8.0,127.0,3,Loyal,0
4055,41,8.0,64.0,1,New,0
4058,76,22.0,811.0,0,At Risk,0
4065,0,16.0,404.0,1,New,0
4066,76,7.0,46.0,3,Loyal,0
4070,99,18.0,1078.0,0,At Risk,1
4073,0,28.0,1215.0,2,VIP,1
4084,41,23.0,873.0,2,VIP,0
4086,77,5.0,60.0,3,Loyal,0
4088,22,10.0,155.0,1,New,0
4093,61,19.0,436.0,0,At Risk,0
4094,92,15.0,289.0,3,Loyal,0
4095,80,21.0,467.0,0,At Risk,0
4096,24,12.0,187.0,1,New,0
4098,3,9.0,44.0,1,New,0
4099,14,5.0,62.0,1,New,0
4102,46,4.0,23.0,1,New,0
4107,52,16.0,425.0,3,Loyal,0
4114,2,29.0,1693.0,2,VIP,0
4119,56,11.0,318.0,3,Loyal,0
4120,61,13.0,369.0,3,Loyal,0
4122,73,16.0,895.0,0,At Risk,1
4127,97,34.0,1529.0,0,At Risk,1
4128,51,20.0,725.0,0,At Risk,0
4136,63,11.0,119.0,3,Loyal,0
4137,29,16.0,1076.0,2,VIP,0
4138,68,23.0,899.0,0,At Risk,0
4141,26,21.0,776.0,2,VIP,0
4148,90,19.0,348.0,3,Loyal,0
4149,57,21.0,1348.0,0,At Risk,0
4168,30,23.0,433.0,2,VIP,1
4174,81,8.0,130.0,3,Loyal,0
4179,94,6.0,55.0,3,Loyal,0
4184,48,12.0,265.0,1,New,0
4186,11,9.0,76.0,1,New,0
4188,53,14.0,354.0,3,Loyal,1
4198,6,4.0,25.0,1,New,0
4200,85,15.0,275.0,3,Loyal,0
4201,39,19.0,468.0,2,VIP,0
4207,27,25.0,1298.0,2,VIP,0
4211,5,7.0,57.0,1,New,0
4216,33,26.0,1474.0,2,VIP,1
4220,26,7.0,87.0,1,New,0
4227,78,9.0,55.0,3,Loyal,0
4240,79,7.0,58.0,3,Loyal,0
4246,2,2.0,373.0,1,New,0
4248,23,19.0,2008.0,2,VIP,0
4252,73,12.0,301.0,3,Loyal,0
4259,80,4.0,10.0,3,Loyal,0
4261,23,26.0,1315.0,2,VIP,1
4268,50,9.0,158.0,3,Loyal,0
4271,80,17.0,341.0,3,Loyal,0
4278,73,19.0,1923.0,0,At Risk,1
4279,87,7.0,54.0,3,Loyal,0
4286,24,22.0,679.0,2,VIP,0
4290,8,4.0,24.0,1,New,0
4297,71,7.0,40.0,3,Loyal,0
4298,63,4.0,10.0,3,Loyal,0
4299,28,34.0,1825.0,2,VIP,1
4301,10,5.0,59.0,1,New,1
4303,76,1.0,137.0,3,Loyal,0
4310,25,21.0,1428.0,2,VIP,1
4320,6,23.0,943.0,2,VIP,0
4322,20,20.0,1291.0,2,VIP,0
4324,42,21.0,684.0,2,VIP,0
4328,81,8.0,55.0,3,Loyal,0
4329,43,6.0,16.0,1,New,0
4331,41,21.0,1371.0,2,VIP,0
4333,76,10.0,54.0,3,Loyal,0
4338,28,5.0,44.0,1,New,0
4339,37,28.0,913.0,2,VIP,0
4345,49,4.0,21.0,1,New,0
4351,90,5.0,55.0,3,Loyal,0
4356,70,14.0,1574.0,0,At Risk,0
4368,72,8.0,134.0,3,Loyal,0
4369,48,17.0,1169.0,0,At Risk,0
4370,83,9.0,88.0,3,Loyal,0
4376,27,7.0,93.0,1,New,1
4377,32,15.0,575.0,1,New,0
4381,56,17.0,235.0,3,Loyal,0
4385,82,8.0,47.0,3,Loyal,0
4390,14,23.0,841.0,2,VIP,0
4391,64,22.0,908.0,0,At Risk,0
4394,43,23.0,1501.0,2,VIP,0
4399,3,16.0,1091.0,2,VIP,0
4405,2,23.0,789.0,2,VIP,0
4406,29,25.0,1471.0,2,VIP,0
4415,19,8.0,38.0,1,New,0
4418,36,25.0,1644.0,2,VIP,1
4426,35,21.0,527.0,2,VIP,0
4427,56,28.0,1365.0,0,At Risk,1
4432,82,7.0,51.0,3,Loyal,0
4436,27,8.0,137.0,1,New,0
4437,65,12.0,260.0,3,Loyal,0
4440,93,18.0,546.0,0,At Risk,0
4442,70,9.0,177.0,3,Loyal,0
4444,28,6.0,61.0,1,New,0
4452,3,17.0,372.0,1,New,1
4459,13,5.0,37.0,1,New,0
4470,3,8.0,140.0,1,New,0
4472,34,6.0,57.0,1,New,0
4475,82,25.0,2440.0,0,At Risk,0
4477,4,18.0,653.0,2,VIP,0
4478,87,26.0,653.0,0,At Risk,0
4480,61,19.0,401.0,0,At Risk,0
4483,67,19.0,1228.0,0,At Risk,0
4487,67,7.0,95.0,3,Loyal,1
4491,3,28.0,1178.0,2,VIP,0
4500,56,24.0,1598.0,0,At Risk,0
4501,94,20.0,1478.0,0,At Risk,0
4507,87,22.0,1250.0,0,At Risk,0
4508,92,19.0,833.0,0,At Risk,0
4518,59,27.0,1169.0,0,At Risk,0
4530,36,23.0,1930.0,2,VIP,1
4541,84,12.0,257.0,3,Loyal,0
4543,32,19.0,1919.0,2,VIP,0
4547,86,6.0,25.0,3,Loyal,0
4548,66,5.0,54.0,3,Loyal,0
4550,51,6.0,71.0,3,Loyal,0
4552,37,12.0,393.0,1,New,0
4554,89,17.0,448.0,3,Loyal,0
4557,11,8.0,67.0,1,New,0
4580,46,26.0,2486.0,2,VIP,1
4587,90,12.0,266.0,3,Loyal,0
4597,67,19.0,2018.0,0,At Risk,0
4599,66,21.0,458.0,0,At Risk,0
4603,50,21.0,656.0,0,At Risk,0
4607,24,17.0,777.0,2,VIP,0
4608,18,27.0,778.0,2,VIP,1
4609,14,18.0,486.0,2,VIP,0
4611,36,30.0,1724.0,2,VIP,1
4619,9,27.0,277.0,2,VIP,0
4637,73,25.0,1650.0,0,At Risk,0
4640,65,26.0,1079.0,0,At Risk,0
4643,40,9.0,176.0,1,New,0
4646,44,25.0,978.0,2,VIP,0
4653,46,12.0,189.0,1,New,0
4654,40,19.0,1253.0,2,VIP,0
4656,28,24.0,710.0,2,VIP,0
4669,46,10.0,102.0,1,New,0
4673,17,21.0,1241.0,2,VIP,1
4676,86,25.0,1695.0,0,At Risk,0
4679,42,28.0,1092.0,2,VIP,0
4682,88,13.0,310.0,3,Loyal,0
4686,28,24.0,1686.0,2,VIP,0
4687,92,24.0,1633.0,0,At Risk,0
4690,45,21.0,586.0,2,VIP,0
4692,19,12.0,71.0,1,New,1
4697,62,16.0,390.0,3,Loyal,0
4698,32,16.0,410.0,1,New,0
4702,20,17.0,1895.0,2,VIP,0
4706,65,5.0,40.0,3,Loyal,0
4712,18,7.0,82.0,1,New,0
4713,15,9.0,125.0,1,New,0
4725,71,7.0,67.0,3,Loyal,0
4741,17,19.0,562.0,2,VIP,0
4743,72,28.0,971.0,0,At Risk,0
4749,55,22.0,586.0,0,At Risk,0
4754,91,7.0,122.0,3,Loyal,0
4756,42,25.0,1168.0,2,VIP,1
4764,52,12.0,169.0,3,Loyal,1
4767,41,20.0,1363.0,2,VIP,0
4769,52,23.0,493.0,0,At Risk,0
4785,3,22.0,714.0,2,VIP,0
4786,94,29.0,1109.0,0,At Risk,0
4789,95,18.0,1677.0,0,At Risk,0
4790,54,13.0,868.0,0,At Risk,0
4791,35,5.0,41.0,1,New,0
4796,71,5.0,39.0,3,Loyal,0
4808,12,4.0,17.0,1,New,0
4817,91,4.0,18.0,3,Loyal,0
4827,3,20.0,455.0,2,VIP,1
4828,12,21.0,792.0,2,VIP,0
4832,84,8.0,101.0,3,Loyal,0
4837,57,28.0,1305.0,0,At Risk,0
4838,40,4.0,15.0,1,New,0
4843,92,19.0,833.0,0,At Risk,0
4855,19,6.0,46.0,1,New,1
4856,38,25.0,1853.0,2,VIP,0
4860,66,5.0,25.0,3,Loyal,0
4864,68,12.0,175.0,3,Loyal,0
4865,2,21.0,400.0,2,VIP,1
4867,2,11.0,88.0,1,New,0
4877,2,5.0,41.0,1,New,0
4887,65,6.0,63.0,3,Loyal,0
4910,81,30.0,2074.0,0,At Risk,0
4915,86,23.0,732.0,0,At Risk,0
4927,76,9.0,68.0,3,Loyal,0
4931,13,28.0,1730.0,2,VIP,0
4937,62,5.0,44.0,3,Loyal,0
4939,20,13.0,317.0,1,New,0
4943,73,16.0,1727.0,0,At Risk,0
4944,24,17.0,777.0,2,VIP,0
4945,29,28.0,1210.0,2,VIP,0
4947,44,24.0,2059.0,2,VIP,1
4954,53,17.0,265.0,3,Loyal,0
4961,56,11.0,61.0,3,Loyal,0
4964,90,18.0,1158.0,0,At Risk,0
4967,19,15.0,268.0,1,New,0
4971,22,10.0,155.0,1,New,0
4973,39,5.0,25.0,1,New,0
4974,98,29.0,1392.0,0,At Risk,0
4988,58,9.0,62.0,3,Loyal,0
4990,90,21.0,869.0,0,At Risk,0
4992,12,9.0,69.0,1,New,1
4994,53,26.0,1735.0,0,At Risk,0
4998,85,14.0,1033.0,0,At Risk,0
5010,72,6.0,34.0,3,Loyal,0
5011,51,23.0,928.0,0,At Risk,0
5012,56,5.0,34.0,3,Loyal,0
5015,94,9.0,162.0,3,Loyal,0
5025,32,8.0,135.0,1,New,0
5029,14,4.0,14.0,1,New,0
5031,14,26.0,1833.0,2,VIP,1
5036,38,14.0,406.0,1,New,0
5043,89,13.0,434.0,3,Loyal,0
5046,97,25.0,1638.0,0,At Risk,0
5048,53,7.0,131.0,3,Loyal,0
5049,19,6.0,46.0,1,New,0
5057,74,20.0,611.0,0,At Risk,0
5062,71,5.0,39.0,3,Loyal,0
5063,76,12.0,191.0,3,Loyal,0
5067,11,21.0,1378.0,2,VIP,0
5068,75,5.0,26.0,3,Loyal,0
5074,10,5.0,47.0,1,New,0
5077,46,24.0,969.0,2,VIP,0
5079,82,10.0,97.0,3,Loyal,0
5080,12,17.0,1258.0,2,VIP,1
5081,54,5.0,47.0,3,Loyal,0
5084,87,24.0,1064.0,0,At Risk,0
5092,39,19.0,467.0,2,VIP,1
5093,15,9.0,101.0,1,New,1
5107,37,6.0,49.0,1,New,0
5113,67,16.0,1702.0,0,At Risk,1
5114,1,16.0,965.0,2,VIP,0
5117,32,18.0,576.0,2,VIP,0
5120,78,19.0,1289.0,0,At Risk,0
5121,30,20.0,761.0,2,VIP,0
5123,57,7.0,143.0,3,Loyal,0
5125,64,26.0,1348.0,0,At Risk,0
5136,58,28.0,798.0,0,At Risk,0
5138,68,5.0,43.0,3,Loyal,0
5140,66,21.0,1445.0,0,At Risk,0
5147,57,27.0,1424.0,0,At Risk,0
5150,64,7.0,47.0,3,Loyal,0
5153,97,34.0,1529.0,0,At Risk,1
5154,54,6.0,54.0,3,Loyal,0
5156,13,26.0,889.0,2,VIP,0
5172,4,17.0,1053.0,2,VIP,0
5176,88,5.0,53.0,3,Loyal,0
5177,56,16.0,396.0,3,Loyal,0
5180,56,10.0,149.0,3,Loyal,0
5181,58,4.0,24.0,3,Loyal,0
5184,65,4.0,23.0,3,Loyal,0
5185,83,13.0,892.0,0,At Risk,0
5186,59,22.0,731.0,0,At Risk,0
5204,21,22.0,1461.0,2,VIP,1
5207,41,29.0,793.0,2,VIP,1
5209,21,19.0,638.0,2,VIP,0
5221,93,26.0,879.0,0,At Risk,0
5223,80,8.0,66.0,3,Loyal,0
5229,81,5.0,42.0,3,Loyal,0
5231,15,5.0,51.0,1,New,0
5232,23,11.0,227.0,1,New,0
5234,85,7.0,81.0,3,Loyal,0
5236,30,21.0,2194.0,2,VIP,0
5237,79,9.0,63.0,3,Loyal,0
5247,52,7.0,45.0,3,Loyal,0
5250,75,22.0,1564.0,0,At Risk,1
5252,80,6.0,67.0,3,Loyal,0
5253,85,16.0,227.0,3,Loyal,0
5255,19,27.0,637.0,2,VIP,0
5263,99,5.0,55.0,3,Loyal,0
5267,43,5.0,44.0,1,New,0
5268,95,7.0,56.0,3,Loyal,0
5272,64,20.0,562.0,0,At Risk,0
5278,83,21.0,902.0,0,At Risk,0
5283,72,10.0,144.0,3,Loyal,0
5286,68,10.0,217.0,3,Loyal,0
5287,77,10.0,79.0,3,Loyal,0
5289,30,6.0,72.0,1,New,0
5290,51,16.0,279.0,3,Loyal,0
5294,49,10.0,57.0,1,New,0
5299,43,25.0,1586.0,2,VIP,0
5300,60,6.0,70.0,3,Loyal,0
5302,13,16.0,1428.0,2,VIP,1
5303,42,20.0,1113.0,2,VIP,0
5304,35,6.0,33.0,1,New,0
5313,20,9.0,44.0,1,New,0
5314,69,20.0,444.0,0,At Risk,0
5316,89,7.0,84.0,3,Loyal,0
5320,20,12.0,171.0,1,New,1
5324,94,19.0,422.0,0,At Risk,0
5329,24,4.0,11.0,1,New,0
5331,8,17.0,1869.0,2,VIP,0
5332,2,17.0,1066.0,2,VIP,0
5336,37,2.0,59.0,1,New,0
5341,2,14.0,1588.0,2,VIP,0
5342,31,6.0,29.0,1,New,0
5346,87,9.0,79.0,3,Loyal,0
5350,29,18.0,2525.0,2,VIP,1
5370,38,18.0,413.0,1,New,0
5371,0,8.0,91.0,1,New,1
5376,42,43.0,1730.0,2,VIP,0
5386,62,18.0,2302.0,0,At Risk,1
5389,93,16.0,347.0,3,Loyal,0
5393,64,5.0,42.0,3,Loyal,0
5394,42,10.0,38.0,1,New,0
5396,48,30.0,1366.0,2,VIP,0
5407,70,28.0,1085.0,0,At Risk,0
5423,35,4.0,16.0,1,New,0
5424,30,9.0,156.0,1,New,0
5429,10,10.0,183.0,1,New,0
5430,0,31.0,684.0,2,VIP,0
5441,97,15.0,388.0,3,Loyal,0
5453,26,24.0,2352.0,2,VIP,0
5454,80,6.0,50.0,3,Loyal,0
5455,89,10.0,122.0,3,Loyal,0
5462,63,32.0,1174.0,0,At Risk,0
5474,79,12.0,223.0,3,Loyal,0
5491,70,16.0,319.0,3,Loyal,0
5493,21,4.0,23.0,1,New,0
5510,2,16.0,441.0,1,New,0
5512,19,17.0,518.0,2,VIP,0
5513,49,6.0,40.0,1,New,0
5517,51,5.0,37.0,3,Loyal,0
5519,8,20.0,797.0,2,VIP,1
5524,58,25.0,1617.0,0,At Risk,1
5527,25,7.0,58.0,1,New,0
5529,56,22.0,444.0,0,At Risk,0
5534,30,10.0,224.0,1,New,0
5536,61,20.0,1957.0,0,At Risk,1
5538,78,17.0,1862.0,0,At Risk,1
5543,49,25.0,802.0,2,VIP,0
5544,32,22.0,1490.0,2,VIP,0
5545,72,14.0,988.0,0,At Risk,0
5547,9,20.0,1919.0,2,VIP,1
5552,50,17.0,293.0,3,Loyal,0
5555,81,0.0,6.0,3,Loyal,0
5558,90,15.0,1685.0,0,At Risk,0
5562,92,21.0,735.0,0,At Risk,0
5564,26,20.0,1338.0,2,VIP,0
5577,77,4.0,23.0,3,Loyal,0
5585,1,7.0,48.0,1,New,1
5589,95,24.0,793.0,0,At Risk,0
5596,44,21.0,728.0,2,VIP,0
5602,98,28.0,1282.0,0,At Risk,0
5610,58,6.0,36.0,3,Loyal,0
5621,8,17.0,316.0,1,New,1
5623,95,5.0,51.0,3,Loyal,0
5626,13,16.0,463.0,1,New,0
5628,25,24.0,1665.0,2,VIP,0
5631,92,18.0,692.0,0,At Risk,0
5633,47,17.0,231.0,1,New,0
5636,50,8.0,167.0,3,Loyal,1
5642,0,12.0,222.0,1,New,0
5644,96,15.0,363.0,3,Loyal,0
5654,34,7.0,61.0,1,New,0
5667,90,26.0,1701.0,0,At Risk,1
5675,98,22.0,493.0,0,At Risk,0
5680,66,5.0,30.0,3,Loyal,0
5682,8,30.0,1099.0,2,VIP,0
5684,25,7.0,68.0,1,New,0
5687,98,27.0,1633.0,0,At Risk,0
5692,82,5.0,32.0,3,Loyal,0
5710,31,9.0,120.0,1,New,0
5718,17,23.0,1415.0,2,VIP,1
5721,60,24.0,1566.0,0,At Risk,0
5723,63,8.0,116.0,3,Loyal,0
5726,15,10.0,60.0,1,New,0
5731,64,5.0,37.0,3,Loyal,0
5734,83,7.0,91.0,3,Loyal,0
5735,29,18.0,2525.0,2,VIP,0
5740,1,7.0,56.0,1,New,1
5748,96,16.0,475.0,3,Loyal,1
5751,54,5.0,38.0,3,Loyal,0
5756,64,7.0,55.0,3,Loyal,0
5758,23,28.0,1189.0,2,VIP,1
5763,63,18.0,380.0,3,Loyal,0
5782,15,22.0,763.0,2,VIP,0
5788,46,12.0,209.0,1,New,0
5790,62,7.0,72.0,3,Loyal,0
5794,1,18.0,446.0,2,VIP,1
5796,70,23.0,1125.0,0,At Risk,0
5798,87,15.0,985.0,0,At Risk,0
5802,40,7.0,75.0,1,New,0
5823,63,7.0,39.0,3,Loyal,0
5824,1,4.0,8.0,1,New,0
5827,53,11.0,62.0,3,Loyal,0
5830,96,22.0,2114.0,0,At Risk,1
5831,93,18.0,1815.0,0,At Risk,1
5832,32,21.0,1263.0,2,VIP,0
5835,39,9.0,65.0,1,New,0
5837,67,22.0,494.0,0,At Risk,0
5841,61,26.0,832.0,0,At Risk,0
5846,68,4.0,13.0,3,Loyal,0
5847,95,23.0,882.0,0,At Risk,0
5848,43,19.0,2009.0,2,VIP,1
5863,95,21.0,655.0,0,At Risk,0
5866,39,12.0,219.0,1,New,0
5868,49,6.0,46.0,1,New,0
5871,98,16.0,467.0,3,Loyal,0
5872,23,22.0,639.0,2,VIP,0
5883,78,21.0,664.0,0,At Risk,0
5885,94,16.0,211.0,3,Loyal,0
5892,11,17.0,221.0,1,New,0
5896,94,15.0,397.0,3,Loyal,0
5899,68,2.0,49.0,3,Loyal,0
5907,24,4.0,18.0,1,New,0
5909,25,20.0,1171.0,2,VIP,0
5922,48,12.0,218.0,1,New,0
5929,14,7.0,48.0,1,New,0
5935,60,23.0,764.0,0,At Risk,0
5939,84,11.0,122.0,3,Loyal,0
5948,96,12.0,237.0,3,Loyal,0
5954,92,11.0,192.0,3,Loyal,0
5955,27,16.0,1932.0,2,VIP,0
5956,74,16.0,284.0,3,Loyal,0
5959,80,15.0,199.0,3,Loyal,0
5961,29,5.0,57.0,1,New,0
5966,64,15.0,215.0,3,Loyal,0
5967,60,9.0,70.0,3,Loyal,0
5975,82,6.0,57.0,3,Loyal,0
5985,0,10.0,122.0,1,New,0
5987,52,7.0,43.0,3,Loyal,0
5989,51,24.0,1576.0,0,At Risk,0
5991,24,13.0,266.0,1,New,0
5995,54,20.0,384.0,0,At Risk,1
6001,62,25.0,937.0,0,At Risk,0
6019,9,6.0,72.0,1,New,1
6024,62,18.0,2302.0,0,At Risk,1
6036,78,19.0,1924.0,0,At Risk,0
6049,85,27.0,1804.0,0,At Risk,0
6050,33,26.0,1513.0,2,VIP,0
6055,94,19.0,1305.0,0,At Risk,0
6059,81,25.0,1314.0,0,At Risk,1
6071,77,22.0,1157.0,0,At Risk,0
6072,16,20.0,2087.0,2,VIP,1
6086,62,24.0,1380.0,0,At Risk,0
6097,64,24.0,561.0,0,At Risk,0
6103,40,7.0,100.0,1,New,0
6116,13,6.0,75.0,1,New,0
6119,52,4.0,17.0,3,Loyal,0
6131,87,16.0,431.0,3,Loyal,0
6141,46,14.0,385.0,1,New,0
6142,65,14.0,900.0,0,At Risk,0
6147,51,4.0,28.0,3,Loyal,0
6168,28,6.0,53.0,1,New,0
6173,46,24.0,969.0,2,VIP,0
6177,32,10.0,169.0,1,New,0
6181,36,27.0,939.0,2,VIP,0
6182,26,8.0,53.0,1,New,0
6183,3,8.0,140.0,1,New,0
6184,6,15.0,1670.0,2,VIP,0
6197,39,9.0,57.0,1,New,0
6200,50,23.0,901.0,0,At Risk,0
6201,45,7.0,49.0,1,New,0
6202,78,26.0,1005.0,0,At Risk,0
6203,58,26.0,1734.0,0,At Risk,0
6205,13,9.0,80.0,1,New,1
6211,47,5.0,39.0,1,New,0
6214,53,6.0,79.0,3,Loyal,0
6215,24,6.0,31.0,1,New,1
6218,74,17.0,499.0,3,Loyal,0
6222,28,7.0,37.0,1,New,0
6230,53,14.0,189.0,3,Loyal,0
6233,21,27.0,971.0,2,VIP,0
6237,92,25.0,416.0,0,At Risk,0
6245,71,18.0,507.0,0,At Risk,0
6246,40,23.0,1507.0,2,VIP,1
6248,47,27.0,2217.0,2,VIP,1
6250,62,24.0,775.0,0,At Risk,1
6255,29,13.0,334.0,1,New,0
6257,81,17.0,507.0,3,Loyal,0
6260,55,27.0,1957.0,0,At Risk,1
6261,81,18.0,470.0,0,At Risk,0
6262,93,22.0,1573.0,0,At Risk,0
6263,34,9.0,106.0,1,New,0
6271,13,6.0,63.0,1,New,0
6274,81,25.0,1615.0,0,At Risk,0
6281,27,16.0,982.0,2,VIP,0
6283,64,22.0,908.0,0,At Risk,0
6287,2,5.0,36.0,1,New,1
6289,85,10.0,185.0,3,Loyal,0
6292,60,18.0,1822.0,0,At Risk,1
6295,46,26.0,981.0,2,VIP,0
6299,28,24.0,813.0,2,VIP,1
6303,72,22.0,1497.0,0,At Risk,0
6310,4,7.0,78.0,1,New,0
6312,29,30.0,863.0,2,VIP,0
6318,48,30.0,1366.0,2,VIP,0
6320,42,23.0,1508.0,2,VIP,0
6327,87,17.0,1146.0,0,At Risk,0
6336,55,10.0,48.0,3,Loyal,0
6340,52,6.0,26.0,3,Loyal,0
6343,6,23.0,1518.0,2,VIP,0
6347,26,5.0,36.0,1,New,0
6349,71,19.0,1319.0,0,At Risk,0
6354,51,6.0,47.0,3,Loyal,1
6355,19,9.0,45.0,1,New,0
6357,29,18.0,491.0,2,VIP,0
6365,5,6.0,80.0,1,New,0
6374,50,16.0,297.0,3,Loyal,0
6376,83,19.0,545.0,0,At Risk,0
6379,3,9.0,121.0,1,New,1
6382,97,5.0,54.0,3,Loyal,0
6383,78,8.0,46.0,3,Loyal,0
6384,30,21.0,1453.0,2,VIP,0
6387,39,9.0,77.0,1,New,0
6398,2,8.0,50.0,1,New,0
6404,10,16.0,282.0,1,New,0
6406,13,21.0,1427.0,2,VIP,0
6409,18,20.0,1179.0,2,VIP,1
6417,85,24.0,1564.0,0,At Risk,0
6421,32,21.0,2116.0,2,VIP,0
6422,20,17.0,1270.0,2,VIP,0
6424,9,5.0,49.0,1,New,0
6428,37,17.0,1130.0,2,VIP,0
6431,13,7.0,68.0,1,New,0
6437,80,6.0,76.0,3,Loyal,0
6439,37,31.0,1102.0,2,VIP,0
6445,73,16.0,858.0,0,At Risk,0
6457,77,24.0,902.0,0,At Risk,0
6460,78,7.0,57.0,3,Loyal,0
6461,74,23.0,946.0,0,At Risk,0
6466,22,10.0,121.0,1,New,0
6471,17,7.0,59.0,1,New,0
6488,86,8.0,99.0,3,Loyal,0
6497,32,17.0,433.0,1,New,0
6504,24,9.0,78.0,1,New,0
6507,16,8.0,56.0,1,New,0
6515,92,6.0,50.0,3,Loyal,0
6516,37,4.0,18.0,1,New,0
6518,8,19.0,606.0,2,VIP,0
6521,18,20.0,1101.0,2,VIP,0
6528,75,4.0,10.0,3,Loyal,0
6534,94,6.0,67.0,3,Loyal,0
6543,45,14.0,1612.0,2,VIP,0
6544,63,27.0,976.0,0,At Risk,0
6565,91,26.0,1782.0,0,At Risk,0
6566,39,28.0,1319.0,2,VIP,0
6568,97,6.0,79.0,3,Loyal,0
6575,51,25.0,612.0,0,At Risk,0
6583,54,21.0,981.0,0,At Risk,0
6605,85,20.0,682.0,0,At Risk,0
6606,11,19.0,1161.0,2,VIP,0
6609,64,7.0,107.0,3,Loyal,1
6613,39,26.0,727.0,2,VIP,0
6616,47,16.0,461.0,1,New,0
6619,91,6.0,44.0,3,Loyal,0
6634,78,6.0,54.0,3,Loyal,0
6637,46,15.0,1117.0,2,VIP,0
6642,50,11.0,102.0,3,Loyal,0
6646,23,5.0,22.0,1,New,0
6652,28,17.0,1134.0,2,VIP,0
6653,72,18.0,418.0,3,Loyal,1
6658,37,32.0,1194.0,2,VIP,0
6661,63,32.0,1174.0,0,At Risk,0
6663,96,9.0,157.0,3,Loyal,0
6673,51,7.0,129.0,3,Loyal,0
6678,5,9.0,72.0,1,New,0
6679,29,4.0,16.0,1,New,0
6682,41,5.0,37.0,1,New,0
6690,30,11.0,90.0,1,New,0
6694,27,25.0,1068.0,2,VIP,0
6710,84,7.0,103.0,3,Loyal,0
6715,3,25.0,685.0,2,VIP,0
6720,11,17.0,492.0,2,VIP,1
6721,21,17.0,1213.0,2,VIP,0
6722,98,23.0,767.0,0,At Risk,0
6728,38,6.0,48.0,1,New,0
6729,95,21.0,1538.0,0,At Risk,0
6730,92,8.0,54.0,3,Loyal,0
6742,82,4.0,11.0,3,Loyal,0
6749,78,18.0,1722.0,0,At Risk,0
6768,75,6.0,36.0,3,Loyal,0
6770,5,7.0,68.0,1,New,1
6798,30,23.0,433.0,2,VIP,1
6810,76,12.0,1187.0,0,At Risk,1
6815,4,21.0,809.0,2,VIP,1
6818,26,16.0,369.0,1,New,0
6825,86,4.0,16.0,3,Loyal,0
6853,12,21.0,1438.0,2,VIP,1
6856,75,9.0,65.0,3,Loyal,1
6859,30,9.0,99.0,1,New,0
6862,65,15.0,8.0,3,Loyal,0
6864,34,8.0,30.0,1,New,0
6866,56,5.0,34.0,3,Loyal,0
6870,73,12.0,283.0,3,Loyal,0
6872,43,16.0,405.0,1,New,0
6875,38,17.0,529.0,2,VIP,0
6878,14,14.0,324.0,1,New,0
6885,36,6.0,55.0,1,New,0
6887,33,19.0,564.0,2,VIP,0
6892,23,28.0,732.0,2,VIP,0
6905,55,21.0,1004.0,0,At Risk,0
6906,73,18.0,1024.0,0,At Risk,1
6912,60,22.0,772.0,0,At Risk,0
6918,56,5.0,34.0,3,Loyal,0
6919,39,9.0,63.0,1,New,0
6927,70,19.0,264.0,3,Loyal,0
6931,19,16.0,1062.0,2,VIP,1
6932,77,22.0,2119.0,0,At Risk,0
6935,44,25.0,978.0,2,VIP,0
6940,86,12.0,223.0,3,Loyal,0
6941,92,6.0,95.0,3,Loyal,0
6945,72,32.0,1375.0,0,At Risk,0
6950,25,7.0,54.0,1,New,0
6958,42,5.0,26.0,1,New,0
6961,26,4.0,11.0,1,New,0
6963,85,18.0,1157.0,0,At Risk,0
6969,75,13.0,233.0,3,Loyal,0
6974,89,22.0,1497.0,0,At Risk,0
6977,87,29.0,1921.0,0,At Risk,0
6982,14,24.0,1581.0,2,VIP,0
6983,24,7.0,45.0,1,New,0
6988,93,22.0,1443.0,0,At Risk,0
6991,88,20.0,637.0,0,At Risk,0
6999,80,23.0,834.0,0,At Risk,0
7000,18,23.0,817.0,2,VIP,0
7002,13,14.0,398.0,1,New,0
7004,82,9.0,84.0,3,Loyal,0
7005,71,21.0,813.0,0,At Risk,0
7007,47,8.0,63.0,1,New,0
7010,41,20.0,1363.0,2,VIP,0
7011,47,10.0,93.0,1,New,0
7019,49,13.0,211.0,1,New,0
7022,2,21.0,1410.0,2,VIP,0
7023,87,15.0,263.0,3,Loyal,0
7030,1,35.0,1485.0,2,VIP,0
7034,34,7.0,55.0,1,New,0
7037,50,17.0,401.0,3,Loyal,0
7042,14,6.0,66.0,1,New,1
7053,75,22.0,1453.0,0,At Risk,0
7055,57,26.0,1021.0,0,At Risk,0
7059,47,19.0,1495.0,2,VIP,0
7072,69,19.0,1335.0,0,At Risk,0
7079,38,32.0,1245.0,2,VIP,0
7093,74,4.0,22.0,3,Loyal,0
7094,87,24.0,1064.0,0,At Risk,0
7101,24,31.0,1198.0,2,VIP,0
7106,73,19.0,1242.0,0,At Risk,0
7108,54,18.0,353.0,3,Loyal,0
7118,61,22.0,1528.0,0,At Risk,1
7119,45,12.0,825.0,1,New,0
7124,72,12.0,94.0,3,Loyal,0
7128,91,4.0,15.0,3,Loyal,0
7129,72,31.0,929.0,0,At Risk,0
7141,15,12.0,213.0,1,New,1
7143,14,26.0,820.0,2,VIP,0
7152,64,5.0,37.0,3,Loyal,0
7165,59,22.0,823.0,0,At Risk,0
7181,97,7.0,52.0,3,Loyal,0
7186,43,6.0,35.0,1,New,0
7187,52,25.0,721.0,0,At Risk,0
7192,58,18.0,545.0,0,At Risk,0
7196,20,4.0,13.0,1,New,0
7212,99,6.0,65.0,3,Loyal,0
7214,49,18.0,1283.0,0,At Risk,0
7215,69,27.0,1135.0,0,At Risk,1
7224,24,6.0,31.0,1,New,0
7230,98,22.0,493.0,0,At Risk,1
7232,99,7.0,67.0,3,Loyal,0
7233,4,16.0,1782.0,2,VIP,0
7235,37,9.0,38.0,1,New,0
7244,96,10.0,124.0,3,Loyal,0
7247,72,22.0,606.0,0,At Risk,0
7250,48,25.0,612.0,2,VIP,0
7254,74,10.0,137.0,3,Loyal,0
7261,8,17.0,318.0,1,New,1
7264,2,4.0,17.0,1,New,0
7270,91,19.0,1241.0,0,At Risk,0
7274,87,22.0,2153.0,0,At Risk,0
7275,34,10.0,131.0,1,New,0
7279,3,15.0,1044.0,2,VIP,0
7281,80,9.0,186.0,3,Loyal,0
7284,8,4.0,20.0,1,New,0
7286,92,5.0,55.0,3,Loyal,0
7290,68,21.0,968.0,0,At Risk,0
7297,54,11.0,57.0,3,Loyal,0
7300,50,19.0,535.0,0,At Risk,0
7301,76,8.0,79.0,3,Loyal,1
7313,63,23.0,1565.0,0,At Risk,0
7321,85,14.0,1033.0,0,At Risk,0
7325,86,5.0,40.0,3,Loyal,0
7326,83,6.0,63.0,3,Loyal,0
7327,71,9.0,47.0,3,Loyal,0
7342,6,27.0,1072.0,2,VIP,0
7348,0,17.0,1192.0,2,VIP,1
7349,7,11.0,103.0,1,New,1
7352,28,17.0,405.0,1,New,0
7366,12,21.0,1438.0,2,VIP,1
7369,56,7.0,62.0,3,Loyal,0
7373,8,17.0,302.0,1,New,1
7375,84,16.0,576.0,3,Loyal,0
7378,34,22.0,573.0,2,VIP,0
7381,10,22.0,1442.0,2,VIP,1
7384,18,17.0,485.0,2,VIP,0
7386,83,5.0,43.0,3,Loyal,0
7393,15,9.0,92.0,1,New,0
7396,92,26.0,1597.0,0,At Risk,0
7397,45,21.0,688.0,2,VIP,0
7408,8,12.0,233.0,1,New,0
7409,66,13.0,267.0,3,Loyal,0
7411,31,6.0,17.0,1,New,0
7414,18,12.0,186.0,1,New,0
7419,90,7.0,35.0,3,Loyal,0
7422,90,16.0,369.0,3,Loyal,0
7426,76,12.0,198.0,3,Loyal,0
7428,47,19.0,1367.0,2,VIP,0
7431,40,17.0,1820.0,2,VIP,1
7433,87,12.0,165.0,3,Loyal,0
7437,31,6.0,29.0,1,New,0
7441,80,27.0,1615.0,0,At Risk,0
7444,20,6.0,30.0,1,New,0
7446,16,22.0,716.0,2,VIP,0
7451,23,19.0,2008.0,2,VIP,0
7453,46,21.0,488.0,2,VIP,1
7458,26,8.0,97.0,1,New,0
7462,67,19.0,570.0,0,At Risk,0
7476,93,23.0,1269.0,0,At Risk,0
7485,48,10.0,138.0,1,New,0
7488,30,24.0,825.0,2,VIP,0
7494,11,15.0,269.0,1,New,0
7495,72,10.0,156.0,3,Loyal,0
7500,33,19.0,564.0,2,VIP,0
7503,40,22.0,2209.0,2,VIP,1
7505,24,5.0,46.0,1,New,0
7514,74,12.0,177.0,3,Loyal,0
7516,30,6.0,45.0,1,New,0
7521,57,20.0,1574.0,0,At Risk,0
7527,97,9.0,76.0,3,Loyal,0
7530,48,10.0,138.0,1,New,0
7532,26,10.0,132.0,1,New,0
7533,15,13.0,187.0,1,New,0
7540,52,13.0,270.0,3,Loyal,0
7573,12,6.0,86.0,1,New,1
7574,80,6.0,41.0,3,Loyal,0
7592,86,10.0,209.0,3,Loyal,0
7600,13,6.0,29.0,1,New,0
7610,32,19.0,460.0,2,VIP,0
7613,97,14.0,326.0,3,Loyal,0
7617,83,13.0,163.0,3,Loyal,0
7620,71,8.0,106.0,3,Loyal,0
7627,25,21.0,2086.0,2,VIP,1
7628,10,8.0,76.0,1,New,0
7629,46,7.0,31.0,1,New,0
7631,34,23.0,989.0,2,VIP,0
7646,70,24.0,805.0,0,At Risk,0
7660,37,6.0,49.0,1,New,1
7679,48,6.0,28.0,1,New,0
7683,80,23.0,787.0,0,At Risk,0
7685,4,7.0,78.0,1,New,0
7698,81,10.0,191.0,3,Loyal,0
7699,30,15.0,258.0,1,New,0
7706,88,30.0,1048.0,0,At Risk,0
7712,68,19.0,634.0,0,At Risk,0
7718,36,10.0,711.0,1,New,0
7723,56,21.0,1440.0,0,At Risk,0
7725,33,16.0,641.0,2,VIP,0
7732,81,20.0,745.0,0,At Risk,0
7734,58,22.0,1216.0,0,At Risk,1
7736,36,7.0,61.0,1,New,1
7755,91,16.0,411.0,3,Loyal,0
7761,71,9.0,109.0,3,Loyal,0
7786,22,12.0,160.0,1,New,0
7787,83,23.0,819.0,0,At Risk,0
7788,53,4.0,10.0,3,Loyal,0
7789,96,26.0,1672.0,0,At Risk,0
7791,89,6.0,25.0,3,Loyal,0
7793,12,24.0,800.0,2,VIP,0
7798,28,17.0,429.0,1,New,0
7801,87,21.0,728.0,0,At Risk,0
7807,26,16.0,369.0,1,New,0
7822,56,20.0,662.0,0,At Risk,0
7828,29,12.0,818.0,1,New,0
7829,99,6.0,65.0,3,Loyal,0
7832,30,23.0,1526.0,2,VIP,1
7842,54,9.0,74.0,3,Loyal,0
7848,17,13.0,368.0,1,New,0
7849,12,25.0,1052.0,2,VIP,0
7851,60,22.0,926.0,0,At Risk,0
7861,23,19.0,1175.0,2,VIP,0
7872,7,23.0,557.0,2,VIP,1
7873,30,16.0,300.0,1,New,0
7875,46,26.0,1677.0,2,VIP,1
7881,21,24.0,1033.0,2,VIP,0
7892,89,8.0,75.0,3,Loyal,0
7899,70,17.0,1680.0,0,At Risk,0
7901,39,4.0,22.0,1,New,0
7912,69,8.0,103.0,3,Loyal,0
7919,2,23.0,2092.0,2,VIP,1
7922,29,25.0,966.0,2,VIP,0
7930,74,12.0,268.0,3,Loyal,0
7937,86,7.0,58.0,3,Loyal,0
7938,92,17.0,449.0,3,Loyal,0
7943,40,6.0,35.0,1,New,0
7947,99,5.0,37.0,3,Loyal,0
7959,19,11.0,1370.0,2,VIP,0
7960,89,26.0,1382.0,0,At Risk,0
7962,1,12.0,1901.0,2,VIP,1
7966,48,30.0,1191.0,2,VIP,0
7972,79,17.0,1151.0,0,At Risk,0
7987,96,19.0,460.0,0,At Risk,0
7990,2,4.0,17.0,1,New,0
7998,77,9.0,112.0,3,Loyal,0
7999,17,17.0,1743.0,2,VIP,1
8008,54,7.0,119.0,3,Loyal,0
8015,88,20.0,1313.0,0,At Risk,1
8017,83,7.0,55.0,3,Loyal,0
8026,10,19.0,463.0,2,VIP,0
8029,27,15.0,1621.0,2,VIP,1
8036,10,11.0,63.0,1,New,0
8041,35,21.0,1092.0,2,VIP,0
8070,98,12.0,264.0,3,Loyal,0
8079,86,9.0,55.0,3,Loyal,0
8080,50,4.0,22.0,1,New,0
8082,75,5.0,34.0,3,Loyal,1
8086,34,7.0,55.0,1,New,0
8091,50,17.0,1106.0,0,At Risk,0
8093,72,14.0,914.0,0,At Risk,0
8104,32,12.0,278.0,1,New,0
8132,88,24.0,661.0,0,At Risk,0
8135,41,5.0,52.0,1,New,0
8140,51,10.0,95.0,3,Loyal,0
8143,49,13.0,265.0,1,New,1
8146,84,5.0,54.0,3,Loyal,0
8147,40,8.0,48.0,1,New,0
8148,88,33.0,859.0,0,At Risk,0
8151,6,9.0,263.0,1,New,0
8159,10,11.0,182.0,1,New,0
8162,88,5.0,26.0,3,Loyal,0
8164,13,19.0,1908.0,2,VIP,0
8175,71,8.0,137.0,3,Loyal,0
8180,53,15.0,310.0,3,Loyal,0
8181,42,11.0,177.0,1,New,0
8182,91,11.0,121.0,3,Loyal,0
8204,93,18.0,1319.0,0,At Risk,0
8207,18,5.0,40.0,1,New,0
8210,64,18.0,405.0,3,Loyal,0
8212,89,10.0,174.0,3,Loyal,0
8213,71,11.0,96.0,3,Loyal,1
8216,7,17.0,325.0,1,New,0
8230,28,6.0,71.0,1,New,0
8233,9,21.0,556.0,2,VIP,0
8234,13,4.0,18.0,1,New,1
8235,8,23.0,843.0,2,VIP,0
8254,48,4.0,23.0,1,New,0
8268,23,17.0,404.0,1,New,0
8275,6,4.0,20.0,1,New,0
8278,3,16.0,1711.0,2,VIP,0
8286,55,8.0,122.0,3,Loyal,0
8299,46,6.0,71.0,1,New,0
8310,96,24.0,1459.0,0,At Risk,0
8312,80,6.0,43.0,3,Loyal,0
8314,30,19.0,1772.0,2,VIP,0
8315,65,4.0,23.0,3,Loyal,0
8318,7,19.0,1738.0,2,VIP,0
8334,34,10.0,131.0,1,New,0
8341,22,6.0,34.0,1,New,1
8346,26,12.0,296.0,1,New,1
8360,76,12.0,198.0,3,Loyal,0
8362,9,20.0,1919.0,2,VIP,1
8369,21,4.0,28.0,1,New,0
8370,50,18.0,1159.0,0,At Risk,0
8372,81,4.0,30.0,3,Loyal,0
8373,94,5.0,29.0,3,Loyal,0
8375,63,19.0,518.0,0,At Risk,0
8387,68,11.0,235.0,3,Loyal,0
8395,48,22.0,1511.0,2,VIP,1
8397,82,6.0,34.0,3,Loyal,0
8402,40,22.0,794.0,2,VIP,0
8405,83,13.0,305.0,3,Loyal,0
8414,76,8.0,86.0,3,Loyal,0
8416,19,7.0,44.0,1,New,0
8418,60,7.0,61.0,3,Loyal,0
8420,27,8.0,64.0,1,New,0
8427,78,23.0,1540.0,0,At Risk,0
8430,4,4.0,22.0,1,New,0
8432,0,31.0,684.0,2,VIP,0
8439,97,15.0,902.0,0,At Risk,0
8442,63,6.0,30.0,3,Loyal,0
8443,16,9.0,86.0,1,New,1
8461,3,4.0,16.0,1,New,0
8462,52,5.0,80.0,3,Loyal,0
8475,98,37.0,1608.0,0,At Risk,0
8477,61,5.0,28.0,3,Loyal,0
8486,27,17.0,367.0,1,New,0
8492,25,23.0,1493.0,2,VIP,0
8504,70,19.0,1366.0,0,At Risk,0
8514,59,5.0,20.0,3,Loyal,0
8523,39,10.0,60.0,1,New,0
8524,15,9.0,101.0,1,New,1
8527,37,19.0,395.0,2,VIP,0
8534,51,28.0,992.0,0,At Risk,0
8537,60,21.0,1429.0,0,At Risk,1
8541,98,8.0,41.0,3,Loyal,0
8545,6,17.0,1789.0,2,VIP,1
8553,65,6.0,42.0,3,Loyal,0
8557,57,7.0,46.0,3,Loyal,0
8560,94,18.0,680.0,0,At Risk,0
8562,72,11.0,236.0,3,Loyal,0
8566,10,4.0,9.0,1,New,0
8581,4,29.0,751.0,2,VIP,0
8584,54,17.0,1165.0,0,At Risk,0
8588,92,15.0,289.0,3,Loyal,0
8594,25,9.0,135.0,1,New,0
8595,99,7.0,67.0,3,Loyal,0
8601,3,21.0,1395.0,2,VIP,0
8602,97,26.0,1049.0,0,At Risk,0
8605,36,7.0,68.0,1,New,0
8614,29,17.0,507.0,2,VIP,0
8619,4,4.0,22.0,1,New,0
8624,61,18.0,928.0,0,At Risk,0
8625,70,9.0,45.0,3,Loyal,0
8629,71,5.0,41.0,3,Loyal,0
8643,21,22.0,1662.0,2,VIP,0
8650,31,5.0,42.0,1,New,0
8652,20,13.0,317.0,1,New,0
8659,50,27.0,1038.0,0,At Risk,0
8663,85,4.0,15.0,3,Loyal,0
8685,56,20.0,436.0,0,At Risk,1
8686,65,7.0,75.0,3,Loyal,0
8687,54,16.0,486.0,3,Loyal,0
8690,73,23.0,1385.0,0,At Risk,0
8692,50,16.0,240.0,3,Loyal,0
8700,86,9.0,66.0,3,Loyal,0
8702,10,6.0,22.0,1,New,0
8707,12,16.0,1401.0,2,VIP,1
8717,56,28.0,1835.0,0,At Risk,0
8720,53,1.0,1679.0,3,Loyal,0
8722,38,25.0,1853.0,2,VIP,1
8724,57,7.0,46.0,3,Loyal,0
8726,57,13.0,174.0,3,Loyal,0
8727,63,29.0,1150.0,0,At Risk,0
8732,81,25.0,1461.0,0,At Risk,1
8737,22,6.0,43.0,1,New,0
8746,28,19.0,1188.0,2,VIP,0
8749,68,5.0,61.0,3,Loyal,0
8754,25,4.0,20.0,1,New,0
8755,4,18.0,1196.0,2,VIP,0
8773,22,15.0,322.0,1,New,0
8775,74,10.0,137.0,3,Loyal,0
8779,13,12.0,172.0,1,New,1
8780,71,18.0,507.0,0,At Risk,0
8783,40,18.0,454.0,2,VIP,0
8786,52,18.0,450.0,0,At Risk,0
8789,77,14.0,274.0,3,Loyal,0
8799,6,11.0,153.0,1,New,0
8800,53,24.0,902.0,0,At Risk,1
8805,1,17.0,371.0,1,New,0
8812,45,7.0,48.0,1,New,0
8825,46,24.0,564.0,2,VIP,0
8832,24,9.0,123.0,1,New,0
8842,33,8.0,44.0,1,New,0
8852,80,28.0,1080.0,0,At Risk,0
8858,69,21.0,542.0,0,At Risk,0
8867,90,20.0,2126.0,0,At Risk,0
8870,68,18.0,497.0,0,At Risk,1
8876,49,13.0,152.0,1,New,0
8890,1,14.0,272.0,1,New,0
8895,68,21.0,968.0,0,At Risk,0
8897,9,25.0,654.0,2,VIP,1
8908,35,20.0,1097.0,2,VIP,1
8910,7,16.0,252.0,1,New,1
8911,11,21.0,702.0,2,VIP,0
8916,78,4.0,16.0,3,Loyal,0
8920,4,28.0,1128.0,2,VIP,0
8923,12,21.0,1587.0,2,VIP,1
8925,38,26.0,1012.0,2,VIP,0
8931,82,26.0,1761.0,0,At Risk,0
8932,57,25.0,1531.0,0,At Risk,0
8933,16,8.0,66.0,1,New,0
8939,49,25.0,730.0,2,VIP,0
8945,46,11.0,203.0,1,New,0
8952,96,23.0,859.0,0,At Risk,0
8953,94,6.0,35.0,3,Loyal,0
8955,54,5.0,49.0,3,Loyal,0
8957,51,22.0,1120.0,0,At Risk,0
8962,18,7.0,37.0,1,New,0
8969,59,25.0,1141.0,0,At Risk,0
8970,93,19.0,530.0,0,At Risk,0
8975,47,10.0,69.0,1,New,0
8977,51,4.0,24.0,3,Loyal,0
8985,54,32.0,1211.0,0,At Risk,0
8996,4,29.0,603.0,2,VIP,0
9010,80,23.0,2346.0,0,At Risk,1
9014,65,10.0,61.0,3,Loyal,0
9029,73,23.0,1536.0,0,At Risk,0
9058,65,22.0,1867.0,0,At Risk,1
9064,10,20.0,1555.0,2,VIP,1
9076,44,13.0,185.0,1,New,0
9080,2,9.0,73.0,1,New,0
9081,58,5.0,25.0,3,Loyal,0
9094,39,16.0,587.0,2,VIP,1
9097,34,16.0,343.0,1,New,0
9119,27,15.0,392.0,1,New,0
9120,80,19.0,1065.0,0,At Risk,0
9121,40,16.0,1690.0,2,VIP,1
9135,92,6.0,64.0,3,Loyal,0
9140,89,8.0,91.0,3,Loyal,0
9145,43,22.0,1478.0,2,VIP,0
9150,21,7.0,62.0,1,New,0
9153,81,28.0,1048.0,0,At Risk,0
9166,57,23.0,882.0,0,At Risk,0
9167,72,26.0,976.0,0,At Risk,0
9185,38,18.0,1029.0,2,VIP,1
9197,92,7.0,47.0,3,Loyal,0
9204,33,17.0,1029.0,2,VIP,0
9206,36,26.0,1121.0,2,VIP,0
9209,85,24.0,1564.0,0,At Risk,0
9212,17,28.0,1678.0,2,VIP,0
9213,13,4.0,15.0,1,New,0
9214,48,13.0,358.0,1,New,0
9215,19,21.0,551.0,2,VIP,0
9216,34,7.0,44.0,1,New,0
9220,58,20.0,1968.0,0,At Risk,1
9224,81,25.0,1139.0,0,At Risk,0
9235,45,4.0,18.0,1,New,0
9239,94,8.0,126.0,3,Loyal,0
9240,73,18.0,526.0,0,At Risk,0
9242,19,19.0,1722.0,2,VIP,1
9246,73,17.0,415.0,3,Loyal,0
9256,5,27.0,1001.0,2,VIP,0
9260,20,27.0,1706.0,2,VIP,0
9262,11,5.0,52.0,1,New,0
9264,1,22.0,1638.0,2,VIP,0
9265,74,21.0,1390.0,0,At Risk,0
9274,44,23.0,1213.0,2,VIP,0
9283,49,4.0,18.0,1,New,0
9284,21,27.0,907.0,2,VIP,0
9286,93,19.0,747.0,0,At Risk,0
9289,16,6.0,63.0,1,New,1
9291,25,4.0,15.0,1,New,0
9292,74,23.0,1382.0,0,At Risk,0
9298,89,18.0,1798.0,0,At Risk,0
9303,12,1.0,32.0,1,New,0
9305,65,27.0,1315.0,0,At Risk,0
9308,51,14.0,976.0,0,At Risk,0
9316,29,5.0,29.0,1,New,0
9323,5,26.0,874.0,2,VIP,1
9336,38,21.0,636.0,2,VIP,0
9347,49,5.0,46.0,1,New,0
9349,84,23.0,1131.0,0,At Risk,0
9353,61,16.0,995.0,0,At Risk,0
9360,41,12.0,316.0,1,New,0
9362,14,18.0,568.0,2,VIP,0
9365,57,24.0,1277.0,0,At Risk,0
9369,19,32.0,1274.0,2,VIP,1
9370,68,16.0,1120.0,0,At Risk,0
9381,57,23.0,606.0,0,At Risk,0
9384,57,23.0,606.0,0,At Risk,0
9386,88,13.0,320.0,3,Loyal,0
9392,17,4.0,17.0,1,New,0
9396,31,4.0,25.0,1,New,0
9400,73,19.0,1383.0,0,At Risk,0
9405,40,11.0,172.0,1,New,1
9422,26,9.0,131.0,1,New,0
9423,49,8.0,46.0,1,New,0
9426,77,15.0,900.0,0,At Risk,0
9432,23,11.0,62.0,1,New,0
9449,32,19.0,605.0,2,VIP,0
9451,92,26.0,1658.0,0,At Risk,0
9460,74,8.0,162.0,3,Loyal,0
9463,16,25.0,1443.0,2,VIP,0
9467,51,5.0,20.0,3,Loyal,0
9477,0,20.0,544.0,2,VIP,0
9478,30,15.0,401.0,1,New,0
9481,80,11.0,68.0,3,Loyal,0
9483,24,25.0,637.0,2,VIP,0
9485,23,10.0,199.0,1,New,0
9491,68,10.0,66.0,3,Loyal,0
9493,15,18.0,1808.0,2,VIP,1
9495,29,17.0,1149.0,2,VIP,0
9499,97,17.0,1616.0,0,At Risk,0
9500,66,22.0,758.0,0,At Risk,0
9503,65,13.0,313.0,3,Loyal,0
9504,4,25.0,1008.0,2,VIP,1
9507,18,16.0,434.0,1,New,0
9516,90,28.0,1229.0,0,At Risk,1
9523,95,4.0,15.0,3,Loyal,0
9529,8,22.0,1627.0,2,VIP,1
9530,16,4.0,17.0,1,New,0
9543,74,4.0,22.0,3,Loyal,0
9553,94,4.0,15.0,3,Loyal,0
9559,79,27.0,1034.0,0,At Risk,0
9560,18,22.0,1674.0,2,VIP,1
9576,60,11.0,159.0,3,Loyal,0
9579,61,9.0,106.0,3,Loyal,0
9589,54,17.0,1234.0,0,At Risk,0
9592,51,7.0,33.0,3,Loyal,0
9595,1,14.0,1574.0,2,VIP,1
9596,19,20.0,664.0,2,VIP,0
9597,10,19.0,725.0,2,VIP,0
9606,64,13.0,1536.0,0,At Risk,1
9612,3,5.0,43.0,1,New,0
9617,37,5.0,19.0,1,New,0
9624,46,14.0,963.0,2,VIP,0
9635,13,8.0,129.0,1,New,0
9645,98,24.0,1338.0,0,At Risk,0
9648,20,14.0,253.0,1,New,0
9653,16,7.0,68.0,1,New,0
9665,48,16.0,361.0,1,New,0
9668,14,9.0,77.0,1,New,0
9671,47,10.0,69.0,1,New,1
9672,82,8.0,65.0,3,Loyal,0
9687,1,16.0,726.0,2,VIP,0
9697,86,20.0,542.0,0,At Risk,0
9699,12,23.0,733.0,2,VIP,0
9701,13,12.0,312.0,1,New,0
9703,70,11.0,184.0,3,Loyal,1
9706,98,8.0,94.0,3,Loyal,0
9707,65,20.0,1182.0,0,At Risk,0
9710,80,23.0,792.0,0,At Risk,0
9723,8,28.0,1016.0,2,VIP,0
9725,16,4.0,12.0,1,New,0
9727,13,7.0,81.0,1,New,0
9729,48,23.0,615.0,2,VIP,0
9733,52,5.0,80.0,3,Loyal,0
9736,51,9.0,96.0,3,Loyal,0
9738,43,7.0,100.0,1,New,0
9739,55,8.0,114.0,3,Loyal,0
9743,85,29.0,1910.0,0,At Risk,0
9750,41,23.0,1307.0,2,VIP,0
9757,98,24.0,1631.0,0,At Risk,0
9760,24,31.0,1198.0,2,VIP,1
9771,97,17.0,269.0,3,Loyal,0
9780,12,26.0,795.0,2,VIP,0
9790,12,19.0,1334.0,2,VIP,1
9797,38,16.0,443.0,1,New,0
9799,57,19.0,1173.0,0,At Risk,0
9805,65,22.0,660.0,0,At Risk,0
9817,71,27.0,1049.0,0,At Risk,0
9826,96,22.0,2114.0,0,At Risk,1
9829,42,9.0,78.0,1,New,0
9847,39,16.0,587.0,2,VIP,0
9850,32,4.0,19.0,1,New,0
9855,25,26.0,1020.0,2,VIP,0
9860,11,12.0,215.0,1,New,0
9862,37,7.0,33.0,1,New,0
9888,3,16.0,1091.0,2,VIP,0
9904,50,28.0,1043.0,0,At Risk,0
9905,69,14.0,255.0,3,Loyal,0
9907,80,26.0,1013.0,0,At Risk,0
9909,24,10.0,122.0,1,New,1
9916,92,8.0,54.0,3,Loyal,0
9923,6,9.0,92.0,1,New,0
9925,97,12.0,216.0,3,Loyal,0
9930,8,28.0,1167.0,2,VIP,0
9931,29,15.0,9.0,1,New,0
9937,75,17.0,576.0,0,At Risk,0
9938,82,17.0,1600.0,0,At Risk,0
9940,97,16.0,1009.0,0,At Risk,0
9949,36,15.0,877.0,2,VIP,0
9952,53,17.0,1105.0,0,At Risk,0
9955,20,9.0,134.0,1,New,0
9958,54,21.0,769.0,0,At Risk,0
9960,52,4.0,14.0,3,Loyal,0
9964,56,15.0,424.0,3,Loyal,0
9967,30,22.0,447.0,2,VIP,0
9970,3,9.0,162.0,1,New,0
9971,22,17.0,506.0,2,VIP,0
9972,25,5.0,46.0,1,New,0
9973,28,19.0,490.0,2,VIP,0
9974,75,7.0,70.0,3,Loyal,0
9977,99,20.0,734.0,0,At Risk,0
9984,25,22.0,724.0,2,VIP,1
9986,8,10.0,54.0,1,New,1
9988,84,25.0,860.0,0,At Risk,0
9999,2,23.0,1040.0,2,VIP,0
10001,98,10.0,100.0,3,Loyal,0
10010,43,11.0,152.0,1,New,1
10022,78,4.0,16.0,3,Loyal,0
10031,50,12.0,53.0,3,Loyal,0
10032,86,11.0,53.0,3,Loyal,0
10033,54,5.0,38.0,3,Loyal,0
10037,66,16.0,1127.0,0,At Risk,0
10057,70,22.0,1331.0,0,At Risk,1
10061,29,25.0,1088.0,2,VIP,0
10065,27,8.0,64.0,1,New,0
10067,79,4.0,13.0,3,Loyal,0
10069,43,5.0,58.0,1,New,0
10084,9,7.0,50.0,1,New,0
10089,5,29.0,1112.0,2,VIP,1
10091,78,17.0,1067.0,0,At Risk,0
10092,46,26.0,1504.0,2,VIP,0
10095,9,20.0,1293.0,2,VIP,0
10099,21,24.0,882.0,2,VIP,0
10102,19,22.0,1478.0,2,VIP,0
10104,65,4.0,8.0,3,Loyal,0
10120,84,12.0,257.0,3,Loyal,0
10127,21,15.0,395.0,1,New,0
10128,21,27.0,907.0,2,VIP,0
10129,35,21.0,1456.0,2,VIP,0
10133,16,25.0,2349.0,2,VIP,1
10140,27,17.0,1727.0,2,VIP,0
10141,1,4.0,20.0,1,New,0
10142,99,20.0,689.0,0,At Risk,0
10144,84,16.0,576.0,3,Loyal,0
10146,17,5.0,42.0,1,New,0
10150,10,18.0,1449.0,2,VIP,1
10151,38,22.0,946.0,2,VIP,0
10156,56,20.0,1237.0,0,At Risk,0
10157,78,12.0,274.0,3,Loyal,0
10159,77,31.0,1185.0,0,At Risk,0
10160,49,5.0,46.0,1,New,0
10163,28,20.0,1323.0,2,VIP,1
10164,75,16.0,1691.0,0,At Risk,0
10172,95,21.0,1538.0,0,At Risk,0
10175,0,5.0,22.0,1,New,0
10176,44,23.0,416.0,2,VIP,1
10177,4,20.0,1338.0,2,VIP,0
10196,26,20.0,614.0,2,VIP,0
10203,77,5.0,42.0,3,Loyal,0
10207,40,4.0,15.0,1,New,0
10212,43,7.0,100.0,1,New,0
10219,40,5.0,38.0,1,New,0
10232,9,15.0,331.0,1,New,0
10236,59,7.0,64.0,3,Loyal,0
10240,10,21.0,1381.0,2,VIP,1
10241,16,4.0,14.0,1,New,0
10242,39,8.0,75.0,1,New,0
10245,71,15.0,756.0,0,At Risk,0
10250,49,4.0,28.0,1,New,0
10258,94,6.0,35.0,3,Loyal,0
10260,74,15.0,311.0,3,Loyal,0
10262,96,11.0,53.0,3,Loyal,0
10264,60,6.0,31.0,3,Loyal,1
10270,8,8.0,66.0,1,New,0
10277,27,5.0,42.0,1,New,0
10281,11,19.0,602.0,2,VIP,1
10286,2,24.0,926.0,2,VIP,0
10299,73,25.0,882.0,0,At Risk,1
10304,77,5.0,60.0,3,Loyal,0
10307,91,19.0,525.0,0,At Risk,0
10311,0,25.0,359.0,2,VIP,0
10313,69,16.0,254.0,3,Loyal,0
10314,79,25.0,1318.0,0,At Risk,1
10319,56,22.0,1286.0,0,At Risk,0
10323,88,13.0,304.0,3,Loyal,0
10339,83,11.0,207.0,3,Loyal,0
10340,68,18.0,497.0,0,At Risk,0
10341,45,10.0,222.0,1,New,0
10343,27,19.0,1345.0,2,VIP,0
10350,37,5.0,38.0,1,New,0
10352,2,9.0,117.0,1,New,1
10356,5,5.0,32.0,1,New,0
10364,72,4.0,20.0,3,Loyal,0
10377,37,15.0,397.0,1,New,0
10379,87,21.0,574.0,0,At Risk,0
10380,50,7.0,106.0,1,New,0
10381,43,4.0,21.0,1,New,0
10383,30,21.0,1093.0,2,VIP,1
10390,27,5.0,30.0,1,New,0
10394,91,18.0,1479.0,0,At Risk,0
10395,25,10.0,101.0,1,New,0
10398,82,4.0,31.0,3,Loyal,0
10401,12,4.0,18.0,1,New,0
10402,94,6.0,39.0,3,Loyal,0
10403,43,9.0,44.0,1,New,0
10413,67,23.0,1089.0,0,At Risk,0
10420,56,10.0,222.0,3,Loyal,0
10424,60,18.0,1295.0,0,At Risk,0
10430,22,14.0,1472.0,2,VIP,0
10432,26,5.0,22.0,1,New,0
10446,58,17.0,729.0,0,At Risk,1
10448,55,18.0,377.0,3,Loyal,0
10451,6,4.0,25.0,1,New,0
10466,86,7.0,60.0,3,Loyal,0
10469,42,18.0,1623.0,2,VIP,0
10470,0,8.0,92.0,1,New,0
10473,38,20.0,528.0,2,VIP,1
10475,39,14.0,317.0,1,New,0
10476,0,11.0,251.0,1,New,0
10477,16,7.0,102.0,1,New,0
10478,53,23.0,633.0,0,At Risk,1
10479,64,11.0,1511.0,0,At Risk,0
10486,54,17.0,990.0,0,At Risk,0
10489,35,23.0,1778.0,2,VIP,1
10490,11,14.0,417.0,1,New,0
10492,96,4.0,10.0,3,Loyal,0
10500,96,9.0,98.0,3,Loyal,0
10505,86,15.0,1001.0,0,At Risk,0
10507,14,15.0,797.0,2,VIP,0
10509,46,8.0,71.0,1,New,0
10513,68,12.0,1502.0,0,At Risk,0
10521,0,12.0,174.0,1,New,1
10524,29,22.0,795.0,2,VIP,0
10525,40,4.0,27.0,1,New,1
10530,0,16.0,1156.0,2,VIP,1
10536,78,8.0,46.0,3,Loyal,0
10542,63,9.0,77.0,3,Loyal,0
10548,30,24.0,960.0,2,VIP,0
10552,18,14.0,367.0,1,New,0
10556,51,17.0,358.0,3,Loyal,0
10560,23,5.0,20.0,1,New,0
10562,21,24.0,1033.0,2,VIP,0
10573,27,18.0,421.0,2,VIP,0
10581,41,21.0,506.0,2,VIP,0
10582,3,21.0,758.0,2,VIP,0
10584,77,24.0,945.0,0,At Risk,0
10590,91,23.0,1483.0,0,At Risk,0
10591,37,11.0,201.0,1,New,0
10595,19,6.0,69.0,1,New,0
10598,89,8.0,37.0,3,Loyal,0
10602,30,9.0,156.0,1,New,0
10609,15,8.0,88.0,1,New,0
10613,44,11.0,62.0,1,New,0
10617,34,8.0,30.0,1,New,0
10619,29,18.0,1990.0,2,VIP,1
10623,2,5.0,32.0,1,New,0
10629,25,9.0,109.0,1,New,0
10634,56,15.0,406.0,3,Loyal,0
10637,77,8.0,99.0,3,Loyal,0
10640,71,14.0,211.0,3,Loyal,0
10641,5,10.0,57.0,1,New,0
10642,13,5.0,37.0,1,New,0
10643,23,20.0,653.0,2,VIP,1
10648,78,19.0,1289.0,0,At Risk,0
10652,48,17.0,1169.0,0,At Risk,0
10659,7,11.0,53.0,1,New,0
10660,61,17.0,438.0,3,Loyal,0
10664,14,17.0,467.0,1,New,0
10669,8,17.0,470.0,1,New,0
10673,6,21.0,1416.0,2,VIP,0
10675,82,19.0,1161.0,0,At Risk,1
10676,3,20.0,1173.0,2,VIP,1
10678,91,25.0,917.0,0,At Risk,0
10680,71,7.0,70.0,3,Loyal,0
10681,13,26.0,889.0,2,VIP,0
10686,72,4.0,21.0,3,Loyal,0
10691,55,5.0,43.0,3,Loyal,0
10699,30,8.0,92.0,1,New,0
10701,60,28.0,1211.0,0,At Risk,0
10702,67,17.0,450.0,3,Loyal,0
10703,86,11.0,120.0,3,Loyal,0
10704,65,19.0,693.0,0,At Risk,0
10708,50,5.0,33.0,1,New,0
10710,61,4.0,18.0,3,Loyal,0
10711,23,22.0,894.0,2,VIP,0
10722,63,17.0,546.0,0,At Risk,0
10727,43,25.0,1586.0,2,VIP,0
10735,75,5.0,26.0,3,Loyal,0
10736,28,22.0,1525.0,2,VIP,0
10738,55,6.0,65.0,3,Loyal,0
10741,70,16.0,319.0,3,Loyal,0
10742,72,11.0,746.0,3,Loyal,0
10749,62,16.0,178.0,3,Loyal,0
10755,76,9.0,81.0,3,Loyal,0
10757,36,4.0,13.0,1,New,0
10766,22,17.0,506.0,2,VIP,0
10767,40,21.0,1346.0,2,VIP,0
10770,73,26.0,1045.0,0,At Risk,0
10779,16,5.0,49.0,1,New,0
10785,17,7.0,41.0,1,New,0
10789,13,7.0,68.0,1,New,0
10790,40,4.0,21.0,1,New,0
10795,14,7.0,48.0,1,New,0
10796,16,6.0,66.0,1,New,0
10812,89,7.0,90.0,3,Loyal,0
10814,6,25.0,1376.0,2,VIP,1
10821,45,16.0,263.0,1,New,0
10826,77,5.0,60.0,3,Loyal,0
10827,49,11.0,146.0,1,New,0
10832,4,14.0,467.0,1,New,0
10833,55,27.0,973.0,0,At Risk,0
10837,47,6.0,68.0,1,New,1
10839,42,6.0,29.0,1,New,0
10841,46,18.0,484.0,2,VIP,0
10846,22,22.0,629.0,2,VIP,0
10854,90,7.0,45.0,3,Loyal,0
10855,9,15.0,396.0,1,New,0
10856,42,5.0,46.0,1,New,0
10858,38,25.0,820.0,2,VIP,0
10862,6,17.0,326.0,1,New,0
10868,82,19.0,1272.0,0,At Risk,0
10870,46,18.0,1341.0,2,VIP,0
10872,65,20.0,1182.0,0,At Risk,0
10882,50,17.0,915.0,0,At Risk,0
10888,46,20.0,636.0,2,VIP,0
10897,63,32.0,1174.0,0,At Risk,0
10905,7,16.0,252.0,1,New,1
10906,52,16.0,425.0,3,Loyal,0
10909,9,20.0,1899.0,2,VIP,0
10913,56,4.0,27.0,3,Loyal,1
10914,3,6.0,17.0,1,New,0
10925,93,25.0,1003.0,0,At Risk,0
10928,28,17.0,599.0,2,VIP,0
10936,79,16.0,1947.0,0,At Risk,0
10949,8,19.0,1958.0,2,VIP,1
10951,20,14.0,306.0,1,New,0
10955,68,14.0,1600.0,0,At Risk,1
10965,72,22.0,1722.0,0,At Risk,0
10967,38,9.0,99.0,1,New,0
10968,0,26.0,704.0,2,VIP,0
10971,28,16.0,473.0,1,New,1
10972,52,14.0,939.0,0,At Risk,0
10981,27,18.0,1198.0,2,VIP,0
10983,17,23.0,930.0,2,VIP,0
10991,18,14.0,850.0,2,VIP,0
10992,77,26.0,1148.0,0,At Risk,0
10995,8,10.0,92.0,1,New,0
11003,10,7.0,50.0,1,New,0
11004,23,4.0,22.0,1,New,0
11007,43,5.0,34.0,1,New,0
11010,75,9.0,44.0,3,Loyal,0
11013,84,17.0,938.0,0,At Risk,0
11025,9,11.0,138.0,1,New,0
11030,90,4.0,16.0,3,Loyal,0
11031,90,5.0,40.0,3,Loyal,0
11039,51,13.0,311.0,3,Loyal,0
11051,72,23.0,661.0,0,At Risk,0
11056,18,18.0,1188.0,2,VIP,0
11071,37,16.0,1923.0,2,VIP,1
11074,94,18.0,1423.0,0,At Risk,0
11075,37,15.0,270.0,1,New,0
11084,4,17.0,1053.0,2,VIP,1
11086,18,5.0,21.0,1,New,0
11088,83,18.0,1816.0,0,At Risk,0
11091,68,6.0,22.0,3,Loyal,0
11092,78,7.0,41.0,3,Loyal,0
11096,50,12.0,232.0,3,Loyal,0
11100,37,7.0,63.0,1,New,0
11101,17,26.0,836.0,2,VIP,0
11110,56,0.0,5.0,3,Loyal,0
11112,23,25.0,1477.0,2,VIP,0
11114,94,9.0,84.0,3,Loyal,0
11121,76,11.0,70.0,3,Loyal,0
11133,3,19.0,424.0,2,VIP,1
11148,85,4.0,13.0,3,Loyal,0
11166,81,14.0,315.0,3,Loyal,0
11171,60,21.0,411.0,0,At Risk,0
11176,12,18.0,495.0,2,VIP,0
11178,69,5.0,32.0,3,Loyal,0
11181,85,0.0,8.0,3,Loyal,0
11187,23,9.0,69.0,1,New,0
11188,84,9.0,89.0,3,Loyal,0
11191,11,8.0,139.0,1,New,0
